"","GENERAL.APPEARANCE","MANNER.OF.SPEAKING","PHYSICAL.CONDITION","MENTAL.ALERTNESS","SELF.CONFIDENCE","ABILITY.TO.PRESENT.IDEAS","COMMUNICATION.SKILLS"
"1",4,5,4,5,5,5,5
"2",4,4,4,4,4,4,3
"3",4,3,3,3,3,3,2
"4",3,3,3,2,3,3,3
"5",4,4,3,3,4,4,3
"6",4,4,3,3,3,3,3
"7",4,4,4,3,3,3,3
"8",5,3,3,4,3,3,3
"9",4,4,4,4,4,4,4
"10",4,4,3,4,3,4,4
"11",5,5,5,5,5,5,4
"12",3,4,4,4,3,4,4
"13",4,3,3,2,3,3,2
"14",3,3,3,3,3,2,2
"15",4,4,3,4,4,4,3
"16",3,3,3,3,3,3,3
"17",5,3,3,3,3,3,3
"18",4,4,4,4,4,4,4
"19",4,4,4,5,5,4,4
"20",4,3,3,4,5,4,3
"21",5,4,5,4,4,4,4
"22",5,4,4,4,4,4,4
"23",5,4,5,5,5,5,4
"24",4,3,3,3,5,3,3
"25",5,5,5,5,5,4,4
"26",5,5,4,4,5,5,4
"27",4,4,4,4,3,3,3
"28",5,5,5,5,5,4,4
"29",5,4,4,4,4,5,4
"30",5,5,5,5,5,5,4
"31",4,3,4,4,3,4,3
"32",4,3,4,4,3,3,3
"33",5,5,4,5,5,4,4
"34",4,4,4,5,5,4,3
"35",5,4,5,5,5,5,5
"36",5,3,3,4,5,3,3
"37",5,5,5,5,4,5,4
"38",5,5,4,5,4,5,5
"39",4,4,3,3,3,4,4
"40",5,5,5,5,5,4,4
"41",5,5,5,5,5,4,4
"42",5,4,5,5,5,4,4
"43",5,4,5,5,5,4,4
"44",4,3,4,3,4,3,3
"45",5,4,5,5,4,4,4
"46",5,3,4,4,3,4,3
"47",5,3,3,3,4,3,3
"48",5,4,5,5,5,4,4
"49",5,5,5,5,5,4,4
"50",5,4,5,5,5,4,4
"51",5,5,5,5,5,5,4
"52",5,4,5,5,5,4,4
"53",5,5,5,5,5,5,4
"54",5,4,5,5,4,4,4
"55",5,3,4,4,4,4,3
"56",4,4,4,4,3,4,4
"57",5,4,5,5,5,4,4
"58",4,5,4,4,4,5,4
"59",4,3,3,3,3,3,3
"60",4,4,4,4,5,4,4
"61",3,3,3,4,3,3,3
"62",4,4,4,3,3,3,3
"63",4,4,4,3,4,3,3
"64",4,4,4,4,4,4,4
"65",3,3,3,4,3,3,3
"66",5,5,3,5,3,5,5
"67",4,4,4,4,4,4,4
"68",4,5,5,5,5,5,5
"69",4,4,4,4,4,4,4
"70",4,3,3,3,3,3,3
"71",3,4,3,4,3,4,3
"72",4,4,4,4,4,4,4
"73",4,3,3,3,4,3,4
"74",4,4,4,4,3,4,3
"75",3,4,4,4,3,4,3
"76",5,4,4,4,4,4,4
"77",4,4,4,3,3,4,4
"78",3,4,4,3,4,4,3
"79",4,3,2,3,2,2,3
"80",4,3,4,3,4,3,3
"81",4,4,3,4,3,4,3
"82",4,4,4,4,3,3,3
"83",5,3,3,4,3,3,3
"84",4,3,3,3,3,3,2
"85",3,4,4,4,4,4,4
"86",4,5,4,5,4,4,4
"87",4,4,4,3,4,4,3
"88",4,4,4,4,3,4,4
"89",5,5,5,5,5,5,4
"90",3,3,3,3,3,2,2
"91",4,4,4,4,4,4,3
"92",4,4,4,4,4,4,4
"93",4,3,3,3,3,3,2
"94",5,4,4,4,4,4,4
"95",3,3,3,3,3,3,3
"96",4,3,4,3,3,3,3
"97",4,3,4,3,3,3,2
"98",2,2,3,3,3,3,3
"99",4,4,3,4,3,4,3
"100",4,4,4,3,3,4,3
"101",4,4,5,4,4,4,4
"102",5,4,4,4,4,3,3
"103",4,4,4,4,3,4,3
"104",4,4,4,4,4,4,4
"105",4,5,4,4,4,4,4
"106",5,5,4,5,5,5,5
"107",4,4,4,4,4,4,4
"108",5,4,4,4,4,4,3
"109",5,4,4,4,4,4,3
"110",5,5,4,4,5,4,5
"111",5,4,4,4,4,4,3
"112",5,4,4,4,4,4,3
"113",5,5,4,4,5,4,4
"114",4,3,4,4,4,3,3
"115",5,4,3,3,3,4,4
"116",5,5,5,5,5,5,5
"117",5,4,5,5,5,5,4
"118",5,4,5,5,5,5,4
"119",5,3,5,4,4,3,3
"120",5,4,5,5,5,4,4
"121",5,3,5,4,4,4,3
"122",5,5,5,5,5,4,3
"123",5,5,5,5,5,5,3
"124",5,4,4,4,4,4,4
"125",4,3,4,4,4,3,3
"126",4,4,4,4,4,4,3
"127",4,4,5,4,4,4,3
"128",5,3,5,4,5,5,3
"129",5,3,3,3,3,3,2
"130",4,3,4,3,4,3,4
"131",4,3,4,4,4,3,3
"132",4,3,3,2,3,2,3
"133",5,5,5,5,5,5,4
"134",4,3,4,3,4,3,4
"135",3,3,4,4,4,3,3
"136",4,3,4,4,4,3,3
"137",4,4,4,4,4,3,3
"138",4,4,5,5,4,5,5
"139",4,5,5,5,5,4,5
"140",4,5,5,5,5,4,5
"141",4,4,3,4,4,4,4
"142",4,3,4,4,4,3,3
"143",4,3,4,4,3,4,4
"144",3,3,4,4,4,4,4
"145",5,4,4,4,5,4,5
"146",3,3,3,3,4,3,3
"147",3,3,4,3,4,3,3
"148",3,4,3,4,3,4,3
"149",4,4,4,3,4,4,3
"150",5,4,4,3,3,4,4
"151",4,3,2,4,3,4,3
"152",5,5,5,4,5,4,5
"153",4,2,4,4,3,3,3
"154",5,5,5,5,5,5,5
"155",4,3,3,4,3,3,3
"156",5,4,3,3,3,3,2
"157",5,5,5,5,5,4,5
"158",4,5,5,5,5,5,5
"159",4,5,5,3,3,5,3
"160",4,5,3,5,5,5,3
"161",3,5,5,3,5,5,3
"162",3,3,3,3,3,3,3
"163",4,3,4,4,4,3,3
"164",4,3,4,2,2,2,2
"165",3,2,3,3,3,3,3
"166",5,5,4,5,4,5,4
"167",3,4,3,4,3,4,3
"168",4,3,3,3,3,3,3
"169",5,4,4,4,4,4,4
"170",4,4,4,4,4,4,4
"171",4,4,4,4,3,3,3
"172",5,4,5,5,5,5,4
"173",3,4,3,3,3,3,3
"174",4,3,3,3,3,3,3
"175",4,5,4,4,4,4,4
"176",5,4,4,4,4,4,4
"177",5,5,4,5,4,4,5
"178",4,4,4,4,5,5,5
"179",4,3,3,4,3,3,3
"180",4,5,5,5,4,4,4
"181",4,4,4,3,3,4,3
"182",4,4,4,3,3,4,3
"183",4,5,4,5,5,5,5
"184",4,4,4,4,4,4,3
"185",4,3,3,3,3,3,2
"186",3,3,3,2,3,3,3
"187",4,4,3,3,4,4,3
"188",4,4,3,3,3,3,3
"189",4,4,4,3,3,3,3
"190",5,3,3,4,3,3,3
"191",4,4,4,4,4,4,4
"192",4,4,3,4,3,4,4
"193",5,5,5,5,5,5,4
"194",3,4,4,4,3,4,4
"195",4,3,3,2,3,3,2
"196",3,3,3,3,3,2,2
"197",4,4,3,4,4,4,3
"198",3,3,3,3,3,3,3
"199",5,3,3,3,3,3,3
"200",4,4,4,4,4,4,4
"201",4,4,4,5,5,4,4
"202",4,3,3,4,5,4,3
"203",5,4,5,4,4,4,4
"204",5,4,4,4,4,4,4
"205",5,4,5,5,5,5,4
"206",4,3,3,3,5,3,3
"207",5,5,5,5,5,4,4
"208",5,5,4,4,5,5,4
"209",4,4,4,4,3,3,3
"210",5,5,5,5,5,4,4
"211",5,4,4,4,4,5,4
"212",5,5,5,5,5,5,4
"213",4,3,4,4,3,4,3
"214",4,3,4,4,3,3,3
"215",5,5,4,5,5,4,4
"216",4,4,4,5,5,4,3
"217",5,4,5,5,5,5,5
"218",5,3,3,4,5,3,3
"219",5,5,5,5,4,5,4
"220",5,5,4,5,4,5,5
"221",4,4,3,3,3,4,4
"222",5,5,5,5,5,4,4
"223",5,5,5,5,5,4,4
"224",5,4,5,5,5,4,4
"225",5,4,5,5,5,4,4
"226",4,3,4,3,4,3,3
"227",5,4,5,5,4,4,4
"228",5,3,4,4,3,4,3
"229",5,3,3,3,4,3,3
"230",5,4,5,5,5,4,4
"231",5,5,5,5,5,4,4
"232",5,4,5,5,5,4,4
"233",5,5,5,5,5,5,4
"234",5,4,5,5,5,4,4
"235",5,5,5,5,5,5,4
"236",5,4,5,5,4,4,4
"237",5,3,4,4,4,4,3
"238",4,4,4,4,3,4,4
"239",5,4,5,5,5,4,4
"240",4,5,4,4,4,5,4
"241",4,3,3,3,3,3,3
"242",4,4,4,4,5,4,4
"243",3,3,3,4,3,3,3
"244",4,4,4,3,3,3,3
"245",4,4,4,3,4,3,3
"246",4,4,4,4,4,4,4
"247",3,3,3,4,3,3,3
"248",5,5,3,5,3,5,5
"249",4,4,4,4,4,4,4
"250",4,5,5,5,5,5,5
"251",4,4,4,4,4,4,4
"252",4,3,3,3,3,3,3
"253",3,4,3,4,3,4,3
"254",4,4,4,4,4,4,4
"255",4,3,3,3,4,3,4
"256",4,4,4,4,3,4,3
"257",3,4,4,4,3,4,3
"258",5,4,4,4,4,4,4
"259",4,4,4,3,3,4,4
"260",3,4,4,3,4,4,3
"261",4,3,2,3,2,2,3
"262",4,3,4,3,4,3,3
"263",4,4,3,4,3,4,3
"264",4,4,4,4,3,3,3
"265",5,3,3,4,3,3,3
"266",4,3,3,3,3,3,2
"267",3,4,4,4,4,4,4
"268",4,5,4,5,4,4,4
"269",4,4,4,3,4,4,3
"270",4,4,4,4,3,4,4
"271",5,5,5,5,5,5,4
"272",3,3,3,3,3,2,2
"273",4,4,4,4,4,4,3
"274",4,4,4,4,4,4,4
"275",4,3,3,3,3,3,2
"276",5,4,4,4,4,4,4
"277",3,3,3,3,3,3,3
"278",4,3,4,3,3,3,3
"279",4,3,4,3,3,3,2
"280",2,2,3,3,3,3,3
"281",4,4,3,4,3,4,3
"282",4,4,4,3,3,4,3
"283",4,4,5,4,4,4,4
"284",5,4,4,4,4,3,3
"285",4,4,4,4,3,4,3
"286",4,4,4,4,4,4,4
"287",4,5,4,4,4,4,4
"288",5,5,4,5,5,5,5
"289",4,4,4,4,4,4,4
"290",5,4,4,4,4,4,3
"291",5,4,4,4,4,4,3
"292",5,5,4,4,5,4,5
"293",5,4,4,4,4,4,3
"294",5,4,4,4,4,4,3
"295",5,5,4,4,5,4,4
"296",4,3,4,4,4,3,3
"297",5,4,3,3,3,4,4
"298",5,5,5,5,5,5,5
"299",5,4,5,5,5,5,4
"300",5,4,5,5,5,5,4
"301",5,3,5,4,4,3,3
"302",5,4,5,5,5,4,4
"303",5,3,5,4,4,4,3
"304",5,5,5,5,5,4,3
"305",5,5,5,5,5,5,3
"306",5,4,4,4,4,4,4
"307",4,3,4,4,4,3,3
"308",4,4,4,4,4,4,3
"309",4,4,5,4,4,4,3
"310",5,3,5,4,5,5,3
"311",5,3,3,3,3,3,2
"312",4,3,4,3,4,3,4
"313",4,3,4,4,4,3,3
"314",4,3,3,2,3,2,3
"315",5,5,5,5,5,5,4
"316",4,3,4,3,4,3,4
"317",3,3,4,4,4,3,3
"318",4,3,4,4,4,3,3
"319",4,4,4,4,4,3,3
"320",4,4,5,5,4,5,5
"321",4,5,5,5,5,4,5
"322",4,5,5,5,5,4,5
"323",4,4,3,4,4,4,4
"324",4,3,4,4,4,3,3
"325",4,3,4,4,3,4,4
"326",3,3,4,4,4,4,4
"327",5,4,4,4,5,4,5
"328",3,3,3,3,4,3,3
"329",3,3,4,3,4,3,3
"330",3,4,3,4,3,4,3
"331",4,4,4,3,4,4,3
"332",5,4,4,3,3,4,4
"333",4,3,2,4,3,4,3
"334",5,5,5,4,5,4,5
"335",4,2,4,4,3,3,3
"336",5,5,5,5,5,5,5
"337",4,3,3,4,3,3,3
"338",5,4,3,3,3,3,2
"339",5,5,5,5,5,4,5
"340",4,5,5,5,5,5,5
"341",4,5,5,3,3,5,3
"342",4,5,3,5,5,5,3
"343",3,5,5,3,5,5,3
"344",3,3,3,3,3,3,3
"345",4,3,4,4,4,3,3
"346",4,3,4,2,2,2,2
"347",3,2,3,3,3,3,3
"348",5,5,4,5,4,5,4
"349",3,4,3,4,3,4,3
"350",4,3,3,3,3,3,3
"351",5,4,4,4,4,4,4
"352",4,4,4,4,4,4,4
"353",4,4,4,4,3,3,3
"354",5,4,5,5,5,5,4
"355",3,4,3,3,3,3,3
"356",4,3,3,3,3,3,3
"357",4,5,4,4,4,4,4
"358",5,4,4,4,4,4,4
"359",5,5,4,5,4,4,5
"360",4,4,4,4,5,5,5
"361",4,3,3,4,3,3,3
"362",4,5,5,5,4,4,4
"363",4,4,4,3,3,4,3
"364",4,4,4,3,3,4,3
"365",4,5,4,5,5,5,5
"366",4,4,4,4,4,4,3
"367",4,3,3,3,3,3,2
"368",3,3,3,2,3,3,3
"369",4,4,3,3,4,4,3
"370",4,4,3,3,3,3,3
"371",4,4,4,3,3,3,3
"372",5,3,3,4,3,3,3
"373",4,4,4,4,4,4,4
"374",4,4,3,4,3,4,4
"375",5,5,5,5,5,5,4
"376",3,4,4,4,3,4,4
"377",4,3,3,2,3,3,2
"378",3,3,3,3,3,2,2
"379",4,4,3,4,4,4,3
"380",3,3,3,3,3,3,3
"381",5,3,3,3,3,3,3
"382",4,4,4,4,4,4,4
"383",4,4,4,5,5,4,4
"384",4,3,3,4,5,4,3
"385",5,4,5,4,4,4,4
"386",5,4,4,4,4,4,4
"387",5,4,5,5,5,5,4
"388",4,3,3,3,5,3,3
"389",5,5,5,5,5,4,4
"390",5,5,4,4,5,5,4
"391",4,4,4,4,3,3,3
"392",5,5,5,5,5,4,4
"393",5,4,4,4,4,5,4
"394",5,5,5,5,5,5,4
"395",4,3,4,4,3,4,3
"396",4,3,4,4,3,3,3
"397",5,5,4,5,5,4,4
"398",4,4,4,5,5,4,3
"399",5,4,5,5,5,5,5
"400",5,3,3,4,5,3,3
"401",5,5,5,5,4,5,4
"402",5,5,4,5,4,5,5
"403",4,4,3,3,3,4,4
"404",5,5,5,5,5,4,4
"405",5,5,5,5,5,4,4
"406",5,4,5,5,5,4,4
"407",5,4,5,5,5,4,4
"408",4,3,4,3,4,3,3
"409",5,4,5,5,4,4,4
"410",5,3,4,4,3,4,3
"411",5,3,3,3,4,3,3
"412",5,4,5,5,5,4,4
"413",5,5,5,5,5,4,4
"414",5,4,5,5,5,4,4
"415",5,5,5,5,5,5,4
"416",5,4,5,5,5,4,4
"417",5,5,5,5,5,5,4
"418",5,4,5,5,4,4,4
"419",5,3,4,4,4,4,3
"420",4,4,4,4,3,4,4
"421",5,4,5,5,5,4,4
"422",4,5,4,4,4,5,4
"423",4,3,3,3,3,3,3
"424",4,4,4,4,5,4,4
"425",3,3,3,4,3,3,3
"426",4,4,4,3,3,3,3
"427",4,4,4,3,4,3,3
"428",4,4,4,4,4,4,4
"429",3,3,3,4,3,3,3
"430",5,5,3,5,3,5,5
"431",4,4,4,4,4,4,4
"432",4,5,5,5,5,5,5
"433",4,4,4,4,4,4,4
"434",4,3,3,3,3,3,3
"435",3,4,3,4,3,4,3
"436",4,4,4,4,4,4,4
"437",4,3,3,3,4,3,4
"438",4,4,4,4,3,4,3
"439",3,4,4,4,3,4,3
"440",5,4,4,4,4,4,4
"441",4,4,4,3,3,4,4
"442",3,4,4,3,4,4,3
"443",4,3,2,3,2,2,3
"444",4,3,4,3,4,3,3
"445",4,4,3,4,3,4,3
"446",4,4,4,4,3,3,3
"447",5,3,3,4,3,3,3
"448",4,3,3,3,3,3,2
"449",3,4,4,4,4,4,4
"450",4,5,4,5,4,4,4
"451",4,4,4,3,4,4,3
"452",4,4,4,4,3,4,4
"453",5,5,5,5,5,5,4
"454",3,3,3,3,3,2,2
"455",4,4,4,4,4,4,3
"456",4,4,4,4,4,4,4
"457",4,3,3,3,3,3,2
"458",5,4,4,4,4,4,4
"459",3,3,3,3,3,3,3
"460",4,3,4,3,3,3,3
"461",4,3,4,3,3,3,2
"462",2,2,3,3,3,3,3
"463",4,4,3,4,3,4,3
"464",4,4,4,3,3,4,3
"465",4,4,5,4,4,4,4
"466",5,4,4,4,4,3,3
"467",4,4,4,4,3,4,3
"468",4,4,4,4,4,4,4
"469",4,5,4,4,4,4,4
"470",5,5,4,5,5,5,5
"471",4,4,4,4,4,4,4
"472",5,4,4,4,4,4,3
"473",5,4,4,4,4,4,3
"474",5,5,4,4,5,4,5
"475",5,4,4,4,4,4,3
"476",5,4,4,4,4,4,3
"477",5,5,4,4,5,4,4
"478",4,3,4,4,4,3,3
"479",5,4,3,3,3,4,4
"480",5,5,5,5,5,5,5
"481",5,4,5,5,5,5,4
"482",5,4,5,5,5,5,4
"483",5,3,5,4,4,3,3
"484",5,4,5,5,5,4,4
"485",5,3,5,4,4,4,3
"486",5,5,5,5,5,4,3
"487",5,5,5,5,5,5,3
"488",5,4,4,4,4,4,4
"489",4,3,4,4,4,3,3
"490",4,4,4,4,4,4,3
"491",4,4,5,4,4,4,3
"492",5,3,5,4,5,5,3
"493",5,3,3,3,3,3,2
"494",4,3,4,3,4,3,4
"495",4,3,4,4,4,3,3
"496",4,3,3,2,3,2,3
"497",5,5,5,5,5,5,4
"498",4,3,4,3,4,3,4
"499",3,3,4,4,4,3,3
"500",4,3,4,4,4,3,3
"501",4,4,4,4,4,3,3
"502",4,4,5,5,4,5,5
"503",4,5,5,5,5,4,5
"504",4,5,5,5,5,4,5
"505",4,4,3,4,4,4,4
"506",4,3,4,4,4,3,3
"507",4,3,4,4,3,4,4
"508",3,3,4,4,4,4,4
"509",5,4,4,4,5,4,5
"510",3,3,3,3,4,3,3
"511",3,3,4,3,4,3,3
"512",3,4,3,4,3,4,3
"513",4,4,4,3,4,4,3
"514",5,4,4,3,3,4,4
"515",4,3,2,4,3,4,3
"516",5,5,5,4,5,4,5
"517",4,2,4,4,3,3,3
"518",5,5,5,5,5,5,5
"519",4,3,3,4,3,3,3
"520",5,4,3,3,3,3,2
"521",5,5,5,5,5,4,5
"522",4,5,5,5,5,5,5
"523",4,5,5,3,3,5,3
"524",4,5,3,5,5,5,3
"525",3,5,5,3,5,5,3
"526",3,3,3,3,3,3,3
"527",4,3,4,4,4,3,3
"528",4,3,4,2,2,2,2
"529",3,2,3,3,3,3,3
"530",5,5,4,5,4,5,4
"531",3,4,3,4,3,4,3
"532",4,3,3,3,3,3,3
"533",5,4,4,4,4,4,4
"534",4,4,4,4,4,4,4
"535",4,4,4,4,3,3,3
"536",5,4,5,5,5,5,4
"537",3,4,3,3,3,3,3
"538",4,3,3,3,3,3,3
"539",4,5,4,4,4,4,4
"540",5,4,4,4,4,4,4
"541",5,5,4,5,4,4,5
"542",4,4,4,4,5,5,5
"543",4,3,3,4,3,3,3
"544",4,5,5,5,4,4,4
"545",4,4,4,3,3,4,3
"546",4,4,4,3,3,4,3
"547",4,5,4,5,5,5,5
"548",4,4,4,4,4,4,3
"549",4,3,3,3,3,3,2
"550",3,3,3,2,3,3,3
"551",4,4,3,3,4,4,3
"552",4,4,3,3,3,3,3
"553",4,4,4,3,3,3,3
"554",5,3,3,4,3,3,3
"555",4,4,4,4,4,4,4
"556",4,4,3,4,3,4,4
"557",5,5,5,5,5,5,4
"558",3,4,4,4,3,4,4
"559",4,3,3,2,3,3,2
"560",3,3,3,3,3,2,2
"561",4,4,3,4,4,4,3
"562",3,3,3,3,3,3,3
"563",5,3,3,3,3,3,3
"564",4,4,4,4,4,4,4
"565",4,4,4,5,5,4,4
"566",4,3,3,4,5,4,3
"567",5,4,5,4,4,4,4
"568",5,4,4,4,4,4,4
"569",5,4,5,5,5,5,4
"570",4,3,3,3,5,3,3
"571",5,5,5,5,5,4,4
"572",5,5,4,4,5,5,4
"573",4,4,4,4,3,3,3
"574",5,5,5,5,5,4,4
"575",5,4,4,4,4,5,4
"576",5,5,5,5,5,5,4
"577",4,3,4,4,3,4,3
"578",4,3,4,4,3,3,3
"579",5,5,4,5,5,4,4
"580",4,4,4,5,5,4,3
"581",5,4,5,5,5,5,5
"582",5,3,3,4,5,3,3
"583",5,5,5,5,4,5,4
"584",5,5,4,5,4,5,5
"585",4,4,3,3,3,4,4
"586",5,5,5,5,5,4,4
"587",5,5,5,5,5,4,4
"588",5,4,5,5,5,4,4
"589",5,4,5,5,5,4,4
"590",4,3,4,3,4,3,3
"591",5,4,5,5,4,4,4
"592",5,3,4,4,3,4,3
"593",5,3,3,3,4,3,3
"594",5,4,5,5,5,4,4
"595",5,5,5,5,5,4,4
"596",5,4,5,5,5,4,4
"597",5,5,5,5,5,5,4
"598",5,4,5,5,5,4,4
"599",5,5,5,5,5,5,4
"600",5,4,5,5,4,4,4
"601",5,3,4,4,4,4,3
"602",4,4,4,4,3,4,4
"603",5,4,5,5,5,4,4
"604",4,5,4,4,4,5,4
"605",4,3,3,3,3,3,3
"606",4,4,4,4,5,4,4
"607",3,3,3,4,3,3,3
"608",4,4,4,3,3,3,3
"609",4,4,4,3,4,3,3
"610",4,4,4,4,4,4,4
"611",3,3,3,4,3,3,3
"612",5,5,3,5,3,5,5
"613",4,4,4,4,4,4,4
"614",4,5,5,5,5,5,5
"615",4,4,4,4,4,4,4
"616",4,3,3,3,3,3,3
"617",3,4,3,4,3,4,3
"618",4,4,4,4,4,4,4
"619",4,3,3,3,4,3,4
"620",4,4,4,4,3,4,3
"621",3,4,4,4,3,4,3
"622",5,4,4,4,4,4,4
"623",4,4,4,3,3,4,4
"624",3,4,4,3,4,4,3
"625",4,3,2,3,2,2,3
"626",4,3,4,3,4,3,3
"627",4,4,3,4,3,4,3
"628",4,4,4,4,3,3,3
"629",5,3,3,4,3,3,3
"630",4,3,3,3,3,3,2
"631",3,4,4,4,4,4,4
"632",4,5,4,5,4,4,4
"633",4,4,4,3,4,4,3
"634",4,4,4,4,3,4,4
"635",5,5,5,5,5,5,4
"636",3,3,3,3,3,2,2
"637",4,4,4,4,4,4,3
"638",4,4,4,4,4,4,4
"639",4,3,3,3,3,3,2
"640",5,4,4,4,4,4,4
"641",3,3,3,3,3,3,3
"642",4,3,4,3,3,3,3
"643",4,3,4,3,3,3,2
"644",2,2,3,3,3,3,3
"645",4,4,3,4,3,4,3
"646",4,4,4,3,3,4,3
"647",4,4,5,4,4,4,4
"648",5,4,4,4,4,3,3
"649",4,4,4,4,3,4,3
"650",4,4,4,4,4,4,4
"651",4,5,4,4,4,4,4
"652",5,5,4,5,5,5,5
"653",4,4,4,4,4,4,4
"654",5,4,4,4,4,4,3
"655",5,4,4,4,4,4,3
"656",5,5,4,4,5,4,5
"657",5,4,4,4,4,4,3
"658",5,4,4,4,4,4,3
"659",5,5,4,4,5,4,4
"660",4,3,4,4,4,3,3
"661",5,4,3,3,3,4,4
"662",5,5,5,5,5,5,5
"663",5,4,5,5,5,5,4
"664",5,4,5,5,5,5,4
"665",5,3,5,4,4,3,3
"666",5,4,5,5,5,4,4
"667",5,3,5,4,4,4,3
"668",5,5,5,5,5,4,3
"669",5,5,5,5,5,5,3
"670",5,4,4,4,4,4,4
"671",4,3,4,4,4,3,3
"672",4,4,4,4,4,4,3
"673",4,4,5,4,4,4,3
"674",5,3,5,4,5,5,3
"675",5,3,3,3,3,3,2
"676",4,3,4,3,4,3,4
"677",4,3,4,4,4,3,3
"678",4,3,3,2,3,2,3
"679",5,5,5,5,5,5,4
"680",4,3,4,3,4,3,4
"681",3,3,4,4,4,3,3
"682",4,3,4,4,4,3,3
"683",4,4,4,4,4,3,3
"684",4,4,5,5,4,5,5
"685",4,5,5,5,5,4,5
"686",4,5,5,5,5,4,5
"687",4,4,3,4,4,4,4
"688",4,3,4,4,4,3,3
"689",4,3,4,4,3,4,4
"690",3,3,4,4,4,4,4
"691",5,4,4,4,5,4,5
"692",3,3,3,3,4,3,3
"693",3,3,4,3,4,3,3
"694",3,4,3,4,3,4,3
"695",4,4,4,3,4,4,3
"696",5,4,4,3,3,4,4
"697",4,3,2,4,3,4,3
"698",5,5,5,4,5,4,5
"699",4,2,4,4,3,3,3
"700",5,5,5,5,5,5,5
"701",4,3,3,4,3,3,3
"702",5,4,3,3,3,3,2
"703",5,5,5,5,5,4,5
"704",4,5,5,5,5,5,5
"705",4,5,5,3,3,5,3
"706",4,5,3,5,5,5,3
"707",3,5,5,3,5,5,3
"708",3,3,3,3,3,3,3
"709",4,3,4,4,4,3,3
"710",4,3,4,2,2,2,2
"711",3,2,3,3,3,3,3
"712",5,5,4,5,4,5,4
"713",3,4,3,4,3,4,3
"714",4,3,3,3,3,3,3
"715",5,4,4,4,4,4,4
"716",4,4,4,4,4,4,4
"717",4,4,4,4,3,3,3
"718",5,4,5,5,5,5,4
"719",3,4,3,3,3,3,3
"720",4,3,3,3,3,3,3
"721",4,5,4,4,4,4,4
"722",5,4,4,4,4,4,4
"723",5,5,4,5,4,4,5
"724",4,4,4,4,5,5,5
"725",4,3,3,4,3,3,3
"726",4,5,5,5,4,4,4
"727",4,4,4,3,3,4,3
"728",4,4,4,3,3,4,3
"729",4,5,4,5,5,5,5
"730",4,4,4,4,4,4,3
"731",4,3,3,3,3,3,2
"732",3,3,3,2,3,3,3
"733",4,4,3,3,4,4,3
"734",4,4,3,3,3,3,3
"735",4,4,4,3,3,3,3
"736",5,3,3,4,3,3,3
"737",4,4,4,4,4,4,4
"738",4,4,3,4,3,4,4
"739",5,5,5,5,5,5,4
"740",3,4,4,4,3,4,4
"741",4,3,3,2,3,3,2
"742",3,3,3,3,3,2,2
"743",4,4,3,4,4,4,3
"744",3,3,3,3,3,3,3
"745",5,3,3,3,3,3,3
"746",4,4,4,4,4,4,4
"747",4,4,4,5,5,4,4
"748",4,3,3,4,5,4,3
"749",5,4,5,4,4,4,4
"750",5,4,4,4,4,4,4
"751",5,4,5,5,5,5,4
"752",4,3,3,3,5,3,3
"753",5,5,5,5,5,4,4
"754",5,5,4,4,5,5,4
"755",4,4,4,4,3,3,3
"756",5,5,5,5,5,4,4
"757",5,4,4,4,4,5,4
"758",5,5,5,5,5,5,4
"759",4,3,4,4,3,4,3
"760",4,3,4,4,3,3,3
"761",5,5,4,5,5,4,4
"762",4,4,4,5,5,4,3
"763",5,4,5,5,5,5,5
"764",5,3,3,4,5,3,3
"765",5,5,5,5,4,5,4
"766",5,5,4,5,4,5,5
"767",4,4,3,3,3,4,4
"768",5,5,5,5,5,4,4
"769",5,5,5,5,5,4,4
"770",5,4,5,5,5,4,4
"771",5,4,5,5,5,4,4
"772",4,3,4,3,4,3,3
"773",5,4,5,5,4,4,4
"774",5,3,4,4,3,4,3
"775",5,3,3,3,4,3,3
"776",5,4,5,5,5,4,4
"777",5,5,5,5,5,4,4
"778",5,4,5,5,5,4,4
"779",5,5,5,5,5,5,4
"780",5,4,5,5,5,4,4
"781",5,5,5,5,5,5,4
"782",5,4,5,5,4,4,4
"783",5,3,4,4,4,4,3
"784",4,4,4,4,3,4,4
"785",5,4,5,5,5,4,4
"786",4,5,4,4,4,5,4
"787",4,3,3,3,3,3,3
"788",4,4,4,4,5,4,4
"789",3,3,3,4,3,3,3
"790",4,4,4,3,3,3,3
"791",4,4,4,3,4,3,3
"792",4,4,4,4,4,4,4
"793",3,3,3,4,3,3,3
"794",5,5,3,5,3,5,5
"795",4,4,4,4,4,4,4
"796",4,5,5,5,5,5,5
"797",4,4,4,4,4,4,4
"798",4,3,3,3,3,3,3
"799",3,4,3,4,3,4,3
"800",4,4,4,4,4,4,4
"801",4,3,3,3,4,3,4
"802",4,4,4,4,3,4,3
"803",3,4,4,4,3,4,3
"804",5,4,4,4,4,4,4
"805",4,4,4,3,3,4,4
"806",3,4,4,3,4,4,3
"807",4,3,2,3,2,2,3
"808",4,3,4,3,4,3,3
"809",4,4,3,4,3,4,3
"810",4,4,4,4,3,3,3
"811",5,3,3,4,3,3,3
"812",4,3,3,3,3,3,2
"813",3,4,4,4,4,4,4
"814",4,5,4,5,4,4,4
"815",4,4,4,3,4,4,3
"816",4,4,4,4,3,4,4
"817",5,5,5,5,5,5,4
"818",3,3,3,3,3,2,2
"819",4,4,4,4,4,4,3
"820",4,4,4,4,4,4,4
"821",4,3,3,3,3,3,2
"822",5,4,4,4,4,4,4
"823",3,3,3,3,3,3,3
"824",4,3,4,3,3,3,3
"825",4,3,4,3,3,3,2
"826",2,2,3,3,3,3,3
"827",4,4,3,4,3,4,3
"828",4,4,4,3,3,4,3
"829",4,4,5,4,4,4,4
"830",5,4,4,4,4,3,3
"831",4,4,4,4,3,4,3
"832",4,4,4,4,4,4,4
"833",4,5,4,4,4,4,4
"834",5,5,4,5,5,5,5
"835",4,4,4,4,4,4,4
"836",5,4,4,4,4,4,3
"837",5,4,4,4,4,4,3
"838",5,5,4,4,5,4,5
"839",5,4,4,4,4,4,3
"840",5,4,4,4,4,4,3
"841",5,5,4,4,5,4,4
"842",4,3,4,4,4,3,3
"843",5,4,3,3,3,4,4
"844",5,5,5,5,5,5,5
"845",5,4,5,5,5,5,4
"846",5,4,5,5,5,5,4
"847",5,3,5,4,4,3,3
"848",5,4,5,5,5,4,4
"849",5,3,5,4,4,4,3
"850",5,5,5,5,5,4,3
"851",5,5,5,5,5,5,3
"852",5,4,4,4,4,4,4
"853",4,3,4,4,4,3,3
"854",4,4,4,4,4,4,3
"855",4,4,5,4,4,4,3
"856",5,3,5,4,5,5,3
"857",5,3,3,3,3,3,2
"858",4,3,4,3,4,3,4
"859",4,3,4,4,4,3,3
"860",4,3,3,2,3,2,3
"861",5,5,5,5,5,5,4
"862",4,3,4,3,4,3,4
"863",3,3,4,4,4,3,3
"864",4,3,4,4,4,3,3
"865",4,4,4,4,4,3,3
"866",4,4,5,5,4,5,5
"867",4,5,5,5,5,4,5
"868",4,5,5,5,5,4,5
"869",4,4,3,4,4,4,4
"870",4,3,4,4,4,3,3
"871",4,3,4,4,3,4,4
"872",3,3,4,4,4,4,4
"873",5,4,4,4,5,4,5
"874",3,3,3,3,4,3,3
"875",3,3,4,3,4,3,3
"876",3,4,3,4,3,4,3
"877",4,4,4,3,4,4,3
"878",5,4,4,3,3,4,4
"879",4,3,2,4,3,4,3
"880",5,5,5,4,5,4,5
"881",4,2,4,4,3,3,3
"882",5,5,5,5,5,5,5
"883",4,3,3,4,3,3,3
"884",5,4,3,3,3,3,2
"885",5,5,5,5,5,4,5
"886",4,5,5,5,5,5,5
"887",4,5,5,3,3,5,3
"888",4,5,3,5,5,5,3
"889",3,5,5,3,5,5,3
"890",3,3,3,3,3,3,3
"891",4,3,4,4,4,3,3
"892",4,3,4,2,2,2,2
"893",3,2,3,3,3,3,3
"894",5,5,4,5,4,5,4
"895",3,4,3,4,3,4,3
"896",4,3,3,3,3,3,3
"897",5,4,4,4,4,4,4
"898",4,4,4,4,4,4,4
"899",4,4,4,4,3,3,3
"900",5,4,5,5,5,5,4
"901",3,4,3,3,3,3,3
"902",4,3,3,3,3,3,3
"903",4,5,4,4,4,4,4
"904",5,4,4,4,4,4,4
"905",5,5,4,5,4,4,5
"906",4,4,4,4,5,5,5
"907",4,3,3,4,3,3,3
"908",4,5,5,5,4,4,4
"909",4,4,4,3,3,4,3
"910",4,4,4,3,3,4,3
"911",4,5,4,5,5,5,5
"912",4,4,4,4,4,4,3
"913",4,3,3,3,3,3,2
"914",3,3,3,2,3,3,3
"915",4,4,3,3,4,4,3
"916",4,4,3,3,3,3,3
"917",4,4,4,3,3,3,3
"918",5,3,3,4,3,3,3
"919",4,4,4,4,4,4,4
"920",4,4,3,4,3,4,4
"921",5,5,5,5,5,5,4
"922",3,4,4,4,3,4,4
"923",4,3,3,2,3,3,2
"924",3,3,3,3,3,2,2
"925",4,4,3,4,4,4,3
"926",3,3,3,3,3,3,3
"927",5,3,3,3,3,3,3
"928",4,4,4,4,4,4,4
"929",4,4,4,5,5,4,4
"930",4,3,3,4,5,4,3
"931",5,4,5,4,4,4,4
"932",5,4,4,4,4,4,4
"933",5,4,5,5,5,5,4
"934",4,3,3,3,5,3,3
"935",5,5,5,5,5,4,4
"936",5,5,4,4,5,5,4
"937",4,4,4,4,3,3,3
"938",5,5,5,5,5,4,4
"939",5,4,4,4,4,5,4
"940",5,5,5,5,5,5,4
"941",4,3,4,4,3,4,3
"942",4,3,4,4,3,3,3
"943",5,5,4,5,5,4,4
"944",4,4,4,5,5,4,3
"945",5,4,5,5,5,5,5
"946",5,3,3,4,5,3,3
"947",5,5,5,5,4,5,4
"948",5,5,4,5,4,5,5
"949",4,4,3,3,3,4,4
"950",5,5,5,5,5,4,4
"951",5,5,5,5,5,4,4
"952",5,4,5,5,5,4,4
"953",5,4,5,5,5,4,4
"954",4,3,4,3,4,3,3
"955",5,4,5,5,4,4,4
"956",5,3,4,4,3,4,3
"957",5,3,3,3,4,3,3
"958",5,4,5,5,5,4,4
"959",5,5,5,5,5,4,4
"960",5,4,5,5,5,4,4
"961",5,5,5,5,5,5,4
"962",5,4,5,5,5,4,4
"963",5,5,5,5,5,5,4
"964",5,4,5,5,4,4,4
"965",5,3,4,4,4,4,3
"966",4,4,4,4,3,4,4
"967",5,4,5,5,5,4,4
"968",4,5,4,4,4,5,4
"969",4,3,3,3,3,3,3
"970",4,4,4,4,5,4,4
"971",3,3,3,4,3,3,3
"972",4,4,4,3,3,3,3
"973",4,4,4,3,4,3,3
"974",4,4,4,4,4,4,4
"975",3,3,3,4,3,3,3
"976",5,5,3,5,3,5,5
"977",4,4,4,4,4,4,4
"978",4,5,5,5,5,5,5
"979",4,4,4,4,4,4,4
"980",4,3,3,3,3,3,3
"981",3,4,3,4,3,4,3
"982",4,4,4,4,4,4,4
"983",4,3,3,3,4,3,4
"984",4,4,4,4,3,4,3
"985",3,4,4,4,3,4,3
"986",5,4,4,4,4,4,4
"987",4,4,4,3,3,4,4
"988",3,4,4,3,4,4,3
"989",4,3,2,3,2,2,3
"990",4,3,4,3,4,3,3
"991",4,4,3,4,3,4,3
"992",4,4,4,4,3,3,3
"993",5,3,3,4,3,3,3
"994",4,3,3,3,3,3,2
"995",3,4,4,4,4,4,4
"996",4,5,4,5,4,4,4
"997",4,4,4,3,4,4,3
"998",4,4,4,4,3,4,4
"999",5,5,5,5,5,5,4
"1000",3,3,3,3,3,2,2
"1001",4,4,4,4,4,4,3
"1002",4,4,4,4,4,4,4
"1003",4,3,3,3,3,3,2
"1004",5,4,4,4,4,4,4
"1005",3,3,3,3,3,3,3
"1006",4,3,4,3,3,3,3
"1007",4,3,4,3,3,3,2
"1008",2,2,3,3,3,3,3
"1009",4,4,3,4,3,4,3
"1010",4,4,4,3,3,4,3
"1011",4,4,5,4,4,4,4
"1012",5,4,4,4,4,3,3
"1013",4,4,4,4,3,4,3
"1014",4,4,4,4,4,4,4
"1015",4,5,4,4,4,4,4
"1016",5,5,4,5,5,5,5
"1017",4,4,4,4,4,4,4
"1018",5,4,4,4,4,4,3
"1019",5,4,4,4,4,4,3
"1020",5,5,4,4,5,4,5
"1021",5,4,4,4,4,4,3
"1022",5,4,4,4,4,4,3
"1023",5,5,4,4,5,4,4
"1024",4,3,4,4,4,3,3
"1025",5,4,3,3,3,4,4
"1026",5,5,5,5,5,5,5
"1027",5,4,5,5,5,5,4
"1028",5,4,5,5,5,5,4
"1029",5,3,5,4,4,3,3
"1030",5,4,5,5,5,4,4
"1031",5,3,5,4,4,4,3
"1032",5,5,5,5,5,4,3
"1033",5,5,5,5,5,5,3
"1034",5,4,4,4,4,4,4
"1035",4,3,4,4,4,3,3
"1036",4,4,4,4,4,4,3
"1037",4,4,5,4,4,4,3
"1038",5,3,5,4,5,5,3
"1039",5,3,3,3,3,3,2
"1040",4,3,4,3,4,3,4
"1041",4,3,4,4,4,3,3
"1042",4,3,3,2,3,2,3
"1043",5,5,5,5,5,5,4
"1044",4,3,4,3,4,3,4
"1045",3,3,4,4,4,3,3
"1046",4,3,4,4,4,3,3
"1047",4,4,4,4,4,3,3
"1048",4,4,5,5,4,5,5
"1049",4,5,5,5,5,4,5
"1050",4,5,5,5,5,4,5
"1051",4,4,3,4,4,4,4
"1052",4,3,4,4,4,3,3
"1053",4,3,4,4,3,4,4
"1054",3,3,4,4,4,4,4
"1055",5,4,4,4,5,4,5
"1056",3,3,3,3,4,3,3
"1057",3,3,4,3,4,3,3
"1058",3,4,3,4,3,4,3
"1059",4,4,4,3,4,4,3
"1060",5,4,4,3,3,4,4
"1061",4,3,2,4,3,4,3
"1062",5,5,5,4,5,4,5
"1063",4,2,4,4,3,3,3
"1064",5,5,5,5,5,5,5
"1065",4,3,3,4,3,3,3
"1066",5,4,3,3,3,3,2
"1067",5,5,5,5,5,4,5
"1068",4,5,5,5,5,5,5
"1069",4,5,5,3,3,5,3
"1070",4,5,3,5,5,5,3
"1071",3,5,5,3,5,5,3
"1072",3,3,3,3,3,3,3
"1073",4,3,4,4,4,3,3
"1074",4,3,4,2,2,2,2
"1075",3,2,3,3,3,3,3
"1076",5,5,4,5,4,5,4
"1077",3,4,3,4,3,4,3
"1078",4,3,3,3,3,3,3
"1079",5,4,4,4,4,4,4
"1080",4,4,4,4,4,4,4
"1081",4,4,4,4,3,3,3
"1082",5,4,5,5,5,5,4
"1083",3,4,3,3,3,3,3
"1084",4,3,3,3,3,3,3
"1085",4,5,4,4,4,4,4
"1086",5,4,4,4,4,4,4
"1087",5,5,4,5,4,4,5
"1088",4,4,4,4,5,5,5
"1089",4,3,3,4,3,3,3
"1090",4,5,5,5,4,4,4
"1091",4,4,4,3,3,4,3
"1092",4,4,4,3,3,4,3
"1093",4,5,4,5,5,5,5
"1094",4,4,4,4,4,4,3
"1095",4,3,3,3,3,3,2
"1096",3,3,3,2,3,3,3
"1097",4,4,3,3,4,4,3
"1098",4,4,3,3,3,3,3
"1099",4,4,4,3,3,3,3
"1100",5,3,3,4,3,3,3
"1101",4,4,4,4,4,4,4
"1102",4,4,3,4,3,4,4
"1103",5,5,5,5,5,5,4
"1104",3,4,4,4,3,4,4
"1105",4,3,3,2,3,3,2
"1106",3,3,3,3,3,2,2
"1107",4,4,3,4,4,4,3
"1108",3,3,3,3,3,3,3
"1109",5,3,3,3,3,3,3
"1110",4,4,4,4,4,4,4
"1111",4,4,4,5,5,4,4
"1112",4,3,3,4,5,4,3
"1113",5,4,5,4,4,4,4
"1114",5,4,4,4,4,4,4
"1115",5,4,5,5,5,5,4
"1116",4,3,3,3,5,3,3
"1117",5,5,5,5,5,4,4
"1118",5,5,4,4,5,5,4
"1119",4,4,4,4,3,3,3
"1120",5,5,5,5,5,4,4
"1121",5,4,4,4,4,5,4
"1122",5,5,5,5,5,5,4
"1123",4,3,4,4,3,4,3
"1124",4,3,4,4,3,3,3
"1125",5,5,4,5,5,4,4
"1126",4,4,4,5,5,4,3
"1127",5,4,5,5,5,5,5
"1128",5,3,3,4,5,3,3
"1129",5,5,5,5,4,5,4
"1130",5,5,4,5,4,5,5
"1131",4,4,3,3,3,4,4
"1132",5,5,5,5,5,4,4
"1133",5,5,5,5,5,4,4
"1134",5,4,5,5,5,4,4
"1135",5,4,5,5,5,4,4
"1136",4,3,4,3,4,3,3
"1137",5,4,5,5,4,4,4
"1138",5,3,4,4,3,4,3
"1139",5,3,3,3,4,3,3
"1140",5,4,5,5,5,4,4
"1141",5,5,5,5,5,4,4
"1142",5,4,5,5,5,4,4
"1143",5,5,5,5,5,5,4
"1144",5,4,5,5,5,4,4
"1145",5,5,5,5,5,5,4
"1146",5,4,5,5,4,4,4
"1147",5,3,4,4,4,4,3
"1148",4,4,4,4,3,4,4
"1149",5,4,5,5,5,4,4
"1150",4,5,4,4,4,5,4
"1151",4,3,3,3,3,3,3
"1152",4,4,4,4,5,4,4
"1153",3,3,3,4,3,3,3
"1154",4,4,4,3,3,3,3
"1155",4,4,4,3,4,3,3
"1156",4,4,4,4,4,4,4
"1157",3,3,3,4,3,3,3
"1158",5,5,3,5,3,5,5
"1159",4,4,4,4,4,4,4
"1160",4,5,5,5,5,5,5
"1161",4,4,4,4,4,4,4
"1162",4,3,3,3,3,3,3
"1163",3,4,3,4,3,4,3
"1164",4,4,4,4,4,4,4
"1165",4,3,3,3,4,3,4
"1166",4,4,4,4,3,4,3
"1167",3,4,4,4,3,4,3
"1168",5,4,4,4,4,4,4
"1169",4,4,4,3,3,4,4
"1170",3,4,4,3,4,4,3
"1171",4,3,2,3,2,2,3
"1172",4,3,4,3,4,3,3
"1173",4,4,3,4,3,4,3
"1174",4,4,4,4,3,3,3
"1175",5,3,3,4,3,3,3
"1176",4,3,3,3,3,3,2
"1177",3,4,4,4,4,4,4
"1178",4,5,4,5,4,4,4
"1179",4,4,4,3,4,4,3
"1180",4,4,4,4,3,4,4
"1181",5,5,5,5,5,5,4
"1182",3,3,3,3,3,2,2
"1183",4,4,4,4,4,4,3
"1184",4,4,4,4,4,4,4
"1185",4,3,3,3,3,3,2
"1186",5,4,4,4,4,4,4
"1187",3,3,3,3,3,3,3
"1188",4,3,4,3,3,3,3
"1189",4,3,4,3,3,3,2
"1190",2,2,3,3,3,3,3
"1191",4,4,3,4,3,4,3
"1192",4,4,4,3,3,4,3
"1193",4,4,5,4,4,4,4
"1194",5,4,4,4,4,3,3
"1195",4,4,4,4,3,4,3
"1196",4,4,4,4,4,4,4
"1197",4,5,4,4,4,4,4
"1198",5,5,4,5,5,5,5
"1199",4,4,4,4,4,4,4
"1200",5,4,4,4,4,4,3
"1201",5,4,4,4,4,4,3
"1202",5,5,4,4,5,4,5
"1203",5,4,4,4,4,4,3
"1204",5,4,4,4,4,4,3
"1205",5,5,4,4,5,4,4
"1206",4,3,4,4,4,3,3
"1207",5,4,3,3,3,4,4
"1208",5,5,5,5,5,5,5
"1209",5,4,5,5,5,5,4
"1210",5,4,5,5,5,5,4
"1211",5,3,5,4,4,3,3
"1212",5,4,5,5,5,4,4
"1213",5,3,5,4,4,4,3
"1214",5,5,5,5,5,4,3
"1215",5,5,5,5,5,5,3
"1216",5,4,4,4,4,4,4
"1217",4,3,4,4,4,3,3
"1218",4,4,4,4,4,4,3
"1219",4,4,5,4,4,4,3
"1220",5,3,5,4,5,5,3
"1221",5,3,3,3,3,3,2
"1222",4,3,4,3,4,3,4
"1223",4,3,4,4,4,3,3
"1224",4,3,3,2,3,2,3
"1225",5,5,5,5,5,5,4
"1226",4,3,4,3,4,3,4
"1227",3,3,4,4,4,3,3
"1228",4,3,4,4,4,3,3
"1229",4,4,4,4,4,3,3
"1230",4,4,5,5,4,5,5
"1231",4,5,5,5,5,4,5
"1232",4,5,5,5,5,4,5
"1233",4,4,3,4,4,4,4
"1234",4,3,4,4,4,3,3
"1235",4,3,4,4,3,4,4
"1236",3,3,4,4,4,4,4
"1237",5,4,4,4,5,4,5
"1238",3,3,3,3,4,3,3
"1239",3,3,4,3,4,3,3
"1240",3,4,3,4,3,4,3
"1241",4,4,4,3,4,4,3
"1242",5,4,4,3,3,4,4
"1243",4,3,2,4,3,4,3
"1244",5,5,5,4,5,4,5
"1245",4,2,4,4,3,3,3
"1246",5,5,5,5,5,5,5
"1247",4,3,3,4,3,3,3
"1248",5,4,3,3,3,3,2
"1249",5,5,5,5,5,4,5
"1250",4,5,5,5,5,5,5
"1251",4,5,5,3,3,5,3
"1252",4,5,3,5,5,5,3
"1253",3,5,5,3,5,5,3
"1254",3,3,3,3,3,3,3
"1255",4,3,4,4,4,3,3
"1256",4,3,4,2,2,2,2
"1257",3,2,3,3,3,3,3
"1258",5,5,4,5,4,5,4
"1259",3,4,3,4,3,4,3
"1260",4,3,3,3,3,3,3
"1261",5,4,4,4,4,4,4
"1262",4,4,4,4,4,4,4
"1263",4,4,4,4,3,3,3
"1264",5,4,5,5,5,5,4
"1265",3,4,3,3,3,3,3
"1266",4,3,3,3,3,3,3
"1267",4,5,4,4,4,4,4
"1268",5,4,4,4,4,4,4
"1269",5,5,4,5,4,4,5
"1270",4,4,4,4,5,5,5
"1271",4,3,3,4,3,3,3
"1272",4,5,5,5,4,4,4
"1273",4,4,4,3,3,4,3
"1274",4,4,4,3,3,4,3
"1275",4,5,4,5,5,5,5
"1276",4,4,4,4,4,4,3
"1277",4,3,3,3,3,3,2
"1278",3,3,3,2,3,3,3
"1279",4,4,3,3,4,4,3
"1280",4,4,3,3,3,3,3
"1281",4,4,4,3,3,3,3
"1282",5,3,3,4,3,3,3
"1283",4,4,4,4,4,4,4
"1284",4,4,3,4,3,4,4
"1285",5,5,5,5,5,5,4
"1286",3,4,4,4,3,4,4
"1287",4,3,3,2,3,3,2
"1288",3,3,3,3,3,2,2
"1289",4,4,3,4,4,4,3
"1290",3,3,3,3,3,3,3
"1291",5,3,3,3,3,3,3
"1292",4,4,4,4,4,4,4
"1293",4,4,4,5,5,4,4
"1294",4,3,3,4,5,4,3
"1295",5,4,5,4,4,4,4
"1296",5,4,4,4,4,4,4
"1297",5,4,5,5,5,5,4
"1298",4,3,3,3,5,3,3
"1299",5,5,5,5,5,4,4
"1300",5,5,4,4,5,5,4
"1301",4,4,4,4,3,3,3
"1302",5,5,5,5,5,4,4
"1303",5,4,4,4,4,5,4
"1304",5,5,5,5,5,5,4
"1305",4,3,4,4,3,4,3
"1306",4,3,4,4,3,3,3
"1307",5,5,4,5,5,4,4
"1308",4,4,4,5,5,4,3
"1309",5,4,5,5,5,5,5
"1310",5,3,3,4,5,3,3
"1311",5,5,5,5,4,5,4
"1312",5,5,4,5,4,5,5
"1313",4,4,3,3,3,4,4
"1314",5,5,5,5,5,4,4
"1315",5,5,5,5,5,4,4
"1316",5,4,5,5,5,4,4
"1317",5,4,5,5,5,4,4
"1318",4,3,4,3,4,3,3
"1319",5,4,5,5,4,4,4
"1320",5,3,4,4,3,4,3
"1321",5,3,3,3,4,3,3
"1322",5,4,5,5,5,4,4
"1323",5,5,5,5,5,4,4
"1324",5,4,5,5,5,4,4
"1325",5,5,5,5,5,5,4
"1326",5,4,5,5,5,4,4
"1327",5,5,5,5,5,5,4
"1328",5,4,5,5,4,4,4
"1329",5,3,4,4,4,4,3
"1330",4,4,4,4,3,4,4
"1331",5,4,5,5,5,4,4
"1332",4,5,4,4,4,5,4
"1333",4,3,3,3,3,3,3
"1334",4,4,4,4,5,4,4
"1335",3,3,3,4,3,3,3
"1336",4,4,4,3,3,3,3
"1337",4,4,4,3,4,3,3
"1338",4,4,4,4,4,4,4
"1339",3,3,3,4,3,3,3
"1340",5,5,3,5,3,5,5
"1341",4,4,4,4,4,4,4
"1342",4,5,5,5,5,5,5
"1343",4,4,4,4,4,4,4
"1344",4,3,3,3,3,3,3
"1345",3,4,3,4,3,4,3
"1346",4,4,4,4,4,4,4
"1347",4,3,3,3,4,3,4
"1348",4,4,4,4,3,4,3
"1349",3,4,4,4,3,4,3
"1350",5,4,4,4,4,4,4
"1351",4,4,4,3,3,4,4
"1352",3,4,4,3,4,4,3
"1353",4,3,2,3,2,2,3
"1354",4,3,4,3,4,3,3
"1355",4,4,3,4,3,4,3
"1356",4,4,4,4,3,3,3
"1357",5,3,3,4,3,3,3
"1358",4,3,3,3,3,3,2
"1359",3,4,4,4,4,4,4
"1360",4,5,4,5,4,4,4
"1361",4,4,4,3,4,4,3
"1362",4,4,4,4,3,4,4
"1363",5,5,5,5,5,5,4
"1364",3,3,3,3,3,2,2
"1365",4,4,4,4,4,4,3
"1366",4,4,4,4,4,4,4
"1367",4,3,3,3,3,3,2
"1368",5,4,4,4,4,4,4
"1369",3,3,3,3,3,3,3
"1370",4,3,4,3,3,3,3
"1371",4,3,4,3,3,3,2
"1372",2,2,3,3,3,3,3
"1373",4,4,3,4,3,4,3
"1374",4,4,4,3,3,4,3
"1375",4,4,5,4,4,4,4
"1376",5,4,4,4,4,3,3
"1377",4,4,4,4,3,4,3
"1378",4,4,4,4,4,4,4
"1379",4,5,4,4,4,4,4
"1380",5,5,4,5,5,5,5
"1381",4,4,4,4,4,4,4
"1382",5,4,4,4,4,4,3
"1383",5,4,4,4,4,4,3
"1384",5,5,4,4,5,4,5
"1385",5,4,4,4,4,4,3
"1386",5,4,4,4,4,4,3
"1387",5,5,4,4,5,4,4
"1388",4,3,4,4,4,3,3
"1389",5,4,3,3,3,4,4
"1390",5,5,5,5,5,5,5
"1391",5,4,5,5,5,5,4
"1392",5,4,5,5,5,5,4
"1393",5,3,5,4,4,3,3
"1394",5,4,5,5,5,4,4
"1395",5,3,5,4,4,4,3
"1396",5,5,5,5,5,4,3
"1397",5,5,5,5,5,5,3
"1398",5,4,4,4,4,4,4
"1399",4,3,4,4,4,3,3
"1400",4,4,4,4,4,4,3
"1401",4,4,5,4,4,4,3
"1402",5,3,5,4,5,5,3
"1403",5,3,3,3,3,3,2
"1404",4,3,4,3,4,3,4
"1405",4,3,4,4,4,3,3
"1406",4,3,3,2,3,2,3
"1407",5,5,5,5,5,5,4
"1408",4,3,4,3,4,3,4
"1409",3,3,4,4,4,3,3
"1410",4,3,4,4,4,3,3
"1411",4,4,4,4,4,3,3
"1412",4,4,5,5,4,5,5
"1413",4,5,5,5,5,4,5
"1414",4,5,5,5,5,4,5
"1415",4,4,3,4,4,4,4
"1416",4,3,4,4,4,3,3
"1417",4,3,4,4,3,4,4
"1418",3,3,4,4,4,4,4
"1419",5,4,4,4,5,4,5
"1420",3,3,3,3,4,3,3
"1421",3,3,4,3,4,3,3
"1422",3,4,3,4,3,4,3
"1423",4,4,4,3,4,4,3
"1424",5,4,4,3,3,4,4
"1425",4,3,2,4,3,4,3
"1426",5,5,5,4,5,4,5
"1427",4,2,4,4,3,3,3
"1428",5,5,5,5,5,5,5
"1429",4,3,3,4,3,3,3
"1430",5,4,3,3,3,3,2
"1431",5,5,5,5,5,4,5
"1432",4,5,5,5,5,5,5
"1433",4,5,5,3,3,5,3
"1434",4,5,3,5,5,5,3
"1435",3,5,5,3,5,5,3
"1436",3,3,3,3,3,3,3
"1437",4,3,4,4,4,3,3
"1438",4,3,4,2,2,2,2
"1439",3,2,3,3,3,3,3
"1440",5,5,4,5,4,5,4
"1441",3,4,3,4,3,4,3
"1442",4,3,3,3,3,3,3
"1443",5,4,4,4,4,4,4
"1444",4,4,4,4,4,4,4
"1445",4,4,4,4,3,3,3
"1446",5,4,5,5,5,5,4
"1447",3,4,3,3,3,3,3
"1448",4,3,3,3,3,3,3
"1449",4,5,4,4,4,4,4
"1450",5,4,4,4,4,4,4
"1451",5,5,4,5,4,4,5
"1452",4,4,4,4,5,5,5
"1453",4,3,3,4,3,3,3
"1454",4,5,5,5,4,4,4
"1455",4,4,4,3,3,4,3
"1456",4,4,4,3,3,4,3
"1457",4,5,4,5,5,5,5
"1458",4,4,4,4,4,4,3
"1459",4,3,3,3,3,3,2
"1460",3,3,3,2,3,3,3
"1461",4,4,3,3,4,4,3
"1462",4,4,3,3,3,3,3
"1463",4,4,4,3,3,3,3
"1464",5,3,3,4,3,3,3
"1465",4,4,4,4,4,4,4
"1466",4,4,3,4,3,4,4
"1467",5,5,5,5,5,5,4
"1468",3,4,4,4,3,4,4
"1469",4,3,3,2,3,3,2
"1470",3,3,3,3,3,2,2
"1471",4,4,3,4,4,4,3
"1472",3,3,3,3,3,3,3
"1473",5,3,3,3,3,3,3
"1474",4,4,4,4,4,4,4
"1475",4,4,4,5,5,4,4
"1476",4,3,3,4,5,4,3
"1477",5,4,5,4,4,4,4
"1478",5,4,4,4,4,4,4
"1479",5,4,5,5,5,5,4
"1480",4,3,3,3,5,3,3
"1481",5,5,5,5,5,4,4
"1482",5,5,4,4,5,5,4
"1483",4,4,4,4,3,3,3
"1484",5,5,5,5,5,4,4
"1485",5,4,4,4,4,5,4
"1486",5,5,5,5,5,5,4
"1487",4,3,4,4,3,4,3
"1488",4,3,4,4,3,3,3
"1489",5,5,4,5,5,4,4
"1490",4,4,4,5,5,4,3
"1491",5,4,5,5,5,5,5
"1492",5,3,3,4,5,3,3
"1493",5,5,5,5,4,5,4
"1494",5,5,4,5,4,5,5
"1495",4,4,3,3,3,4,4
"1496",5,5,5,5,5,4,4
"1497",5,5,5,5,5,4,4
"1498",5,4,5,5,5,4,4
"1499",5,4,5,5,5,4,4
"1500",4,3,4,3,4,3,3
"1501",5,4,5,5,4,4,4
"1502",5,3,4,4,3,4,3
"1503",5,3,3,3,4,3,3
"1504",5,4,5,5,5,4,4
"1505",5,5,5,5,5,4,4
"1506",5,4,5,5,5,4,4
"1507",5,5,5,5,4,5,4
"1508",5,4,5,5,5,4,4
"1509",5,5,5,5,5,5,4
"1510",5,4,5,5,4,4,4
"1511",5,3,4,4,4,4,3
"1512",4,4,4,4,3,4,4
"1513",5,4,5,5,5,4,4
"1514",4,5,4,4,4,5,4
"1515",4,3,3,3,3,3,3
"1516",4,4,4,4,5,4,4
"1517",3,3,3,4,3,3,3
"1518",4,4,4,3,3,3,3
"1519",4,4,4,3,4,3,3
"1520",4,4,4,4,4,4,4
"1521",3,3,3,4,3,3,3
"1522",5,5,3,5,3,5,5
"1523",4,4,4,4,4,4,4
"1524",4,5,5,5,5,5,5
"1525",4,4,4,4,4,4,4
"1526",4,3,3,3,3,3,3
"1527",3,4,3,4,3,4,3
"1528",4,4,4,4,4,4,4
"1529",4,3,3,3,4,3,4
"1530",4,4,4,4,3,4,3
"1531",3,4,4,4,3,4,3
"1532",5,4,4,4,4,4,4
"1533",4,4,4,3,3,4,4
"1534",3,4,4,3,4,4,3
"1535",4,3,2,3,2,2,3
"1536",4,3,4,3,4,3,3
"1537",4,4,3,4,3,4,3
"1538",4,4,4,4,3,3,3
"1539",5,3,3,4,3,3,3
"1540",4,3,3,3,3,3,2
"1541",3,4,4,4,4,4,4
"1542",4,5,4,5,4,4,4
"1543",4,4,4,3,4,4,3
"1544",4,4,4,4,3,4,4
"1545",5,5,5,5,5,5,4
"1546",3,3,3,3,3,2,2
"1547",4,4,4,4,4,4,3
"1548",4,4,4,4,4,4,4
"1549",4,3,3,3,3,3,2
"1550",5,4,4,4,4,4,4
"1551",3,3,3,3,3,3,3
"1552",4,3,4,3,3,3,3
"1553",4,3,4,3,3,3,2
"1554",2,2,3,3,3,3,3
"1555",4,4,3,4,3,4,3
"1556",4,4,4,3,3,4,3
"1557",4,4,5,4,4,4,4
"1558",5,4,4,4,4,3,3
"1559",4,4,4,4,3,4,3
"1560",4,4,4,4,4,4,4
"1561",4,5,4,4,4,4,4
"1562",5,5,4,5,5,5,5
"1563",4,4,4,4,4,4,4
"1564",5,4,4,4,4,4,3
"1565",5,4,4,4,4,4,3
"1566",5,5,4,4,5,4,5
"1567",5,4,4,4,4,4,3
"1568",5,4,4,4,4,4,3
"1569",5,5,4,4,5,4,4
"1570",4,3,4,4,4,3,3
"1571",5,4,3,3,3,4,4
"1572",5,5,5,5,5,5,5
"1573",5,4,5,5,5,5,4
"1574",5,4,5,5,5,5,4
"1575",5,3,5,4,4,3,3
"1576",5,4,5,5,5,4,4
"1577",5,3,5,4,4,4,3
"1578",5,5,5,5,5,4,3
"1579",5,5,5,5,5,5,3
"1580",5,4,4,4,4,4,4
"1581",4,3,4,4,4,3,3
"1582",4,4,4,4,4,4,3
"1583",4,4,5,4,4,4,3
"1584",5,3,5,4,5,5,3
"1585",5,3,3,3,3,3,2
"1586",4,3,4,3,4,3,4
"1587",4,3,4,4,4,3,3
"1588",4,3,3,2,3,2,3
"1589",5,5,5,5,5,5,4
"1590",4,3,4,3,4,3,4
"1591",3,3,4,4,4,3,3
"1592",4,3,4,4,4,3,3
"1593",4,4,4,4,4,3,3
"1594",4,4,5,5,4,5,5
"1595",4,5,5,5,5,4,5
"1596",4,5,5,5,5,4,5
"1597",4,4,3,4,4,4,4
"1598",4,3,4,4,4,3,3
"1599",4,3,4,4,3,4,4
"1600",3,3,4,4,4,4,4
"1601",5,4,4,4,5,4,5
"1602",3,3,3,3,4,3,3
"1603",3,3,4,3,4,3,3
"1604",3,4,3,4,3,4,3
"1605",4,4,4,3,4,4,3
"1606",5,4,4,3,3,4,4
"1607",4,3,2,4,3,4,3
"1608",5,5,5,4,5,4,5
"1609",4,2,4,4,3,3,3
"1610",5,5,5,5,5,5,5
"1611",4,3,3,4,3,3,3
"1612",5,4,3,3,3,3,2
"1613",5,5,5,5,5,4,5
"1614",4,5,5,5,5,5,5
"1615",4,5,5,3,3,5,3
"1616",4,5,3,5,5,5,3
"1617",3,5,5,3,5,5,3
"1618",3,3,3,3,3,3,3
"1619",4,3,4,4,4,3,3
"1620",4,3,4,2,2,2,2
"1621",3,2,3,3,3,3,3
"1622",5,5,4,5,4,5,4
"1623",3,4,3,4,3,4,3
"1624",4,3,3,3,3,3,3
"1625",5,4,4,4,4,4,4
"1626",4,4,4,4,4,4,4
"1627",4,4,4,4,3,3,3
"1628",5,4,5,5,5,5,4
"1629",3,4,3,3,3,3,3
"1630",4,3,3,3,3,3,3
"1631",4,5,4,4,4,4,4
"1632",5,4,4,4,4,4,4
"1633",5,5,4,5,4,4,5
"1634",4,4,4,4,5,5,5
"1635",4,3,3,4,3,3,3
"1636",4,5,5,5,4,4,4
"1637",4,4,4,3,3,4,3
"1638",4,4,4,3,3,4,3
"1639",4,5,4,5,5,5,5
"1640",4,4,4,4,4,4,3
"1641",4,3,3,3,3,3,2
"1642",3,3,3,2,3,3,3
"1643",4,4,3,3,4,4,3
"1644",4,4,3,3,3,3,3
"1645",4,4,4,3,3,3,3
"1646",5,3,3,4,3,3,3
"1647",4,4,4,4,4,4,4
"1648",4,4,3,4,3,4,4
"1649",5,5,5,5,5,5,4
"1650",3,4,4,4,3,4,4
"1651",4,3,3,2,3,3,2
"1652",3,3,3,3,3,2,2
"1653",4,4,3,4,4,4,3
"1654",3,3,3,3,3,3,3
"1655",5,3,3,3,3,3,3
"1656",4,4,4,4,4,4,4
"1657",4,4,4,5,5,4,4
"1658",5,5,4,4,5,5,4
"1659",4,4,4,4,3,3,3
"1660",5,5,5,5,5,4,4
"1661",5,4,4,4,4,5,4
"1662",5,5,5,5,5,5,4
"1663",4,3,4,4,3,4,3
"1664",4,3,4,4,3,3,3
"1665",5,5,4,5,5,4,4
"1666",4,4,4,5,5,4,3
"1667",5,4,5,5,5,5,5
"1668",5,3,3,4,5,3,3
"1669",5,5,5,5,4,5,4
"1670",5,5,4,5,4,5,5
"1671",4,4,3,3,3,4,4
"1672",5,5,5,5,5,4,4
"1673",5,5,5,5,5,4,4
"1674",5,4,5,5,5,4,4
"1675",5,4,5,5,5,4,4
"1676",4,3,4,3,4,3,3
"1677",5,4,5,5,4,4,4
"1678",5,3,4,4,3,4,3
"1679",5,3,3,3,4,3,3
"1680",5,4,5,5,5,4,4
"1681",5,5,5,5,5,4,4
"1682",5,4,5,5,5,4,4
"1683",5,5,5,5,5,5,4
"1684",5,4,5,5,5,4,4
"1685",5,5,5,5,5,5,4
"1686",5,4,5,5,4,4,4
"1687",5,3,4,4,4,4,3
"1688",4,4,4,4,3,4,4
"1689",4,5,4,4,4,5,4
"1690",4,3,3,3,3,3,3
"1691",4,4,4,4,5,4,4
"1692",3,3,3,4,3,3,3
"1693",4,4,4,3,4,4,3
"1694",4,4,4,3,4,4,3
"1695",4,4,4,4,4,4,3
"1696",3,3,3,4,4,4,3
"1697",5,5,3,5,4,4,3
"1698",4,4,4,4,4,4,3
"1699",4,5,5,5,5,5,5
"1700",4,4,4,4,4,4,4
"1701",4,3,3,3,3,3,3
"1702",3,4,3,4,3,4,3
"1703",4,4,4,4,4,4,4
"1704",4,3,3,3,4,3,4
"1705",4,4,4,4,3,4,3
"1706",3,4,4,4,3,4,3
"1707",5,4,4,4,4,4,4
"1708",4,4,4,3,3,4,4
"1709",3,4,4,3,4,4,3
"1710",4,3,2,3,2,2,3
"1711",4,3,4,3,4,3,3
"1712",4,4,3,4,3,4,3
"1713",4,4,4,4,3,3,3
"1714",5,3,3,4,3,3,3
"1715",4,3,3,3,3,3,2
"1716",3,4,4,4,4,4,4
"1717",4,5,4,5,4,4,4
"1718",4,4,4,3,4,4,3
"1719",4,4,4,4,3,4,4
"1720",5,5,5,5,5,5,4
"1721",3,3,3,3,3,2,2
"1722",4,4,4,4,4,4,3
"1723",4,4,4,4,4,4,4
"1724",4,3,3,3,3,3,2
"1725",5,4,4,4,4,4,4
"1726",3,3,3,3,3,3,3
"1727",4,3,4,3,3,3,3
"1728",4,3,4,3,3,3,2
"1729",2,2,3,3,3,3,3
"1730",4,4,3,4,3,4,3
"1731",4,4,4,3,3,4,3
"1732",4,4,5,4,4,4,4
"1733",5,4,4,4,4,3,3
"1734",4,4,4,4,3,4,3
"1735",4,4,4,4,4,4,4
"1736",4,5,4,4,4,4,4
"1737",5,5,4,5,5,5,5
"1738",4,4,4,4,4,4,4
"1739",5,4,4,4,4,4,3
"1740",5,4,4,4,4,4,3
"1741",5,5,4,4,5,4,5
"1742",5,4,4,4,4,4,3
"1743",5,4,4,4,4,4,3
"1744",5,5,4,4,5,4,4
"1745",4,3,4,4,4,3,3
"1746",5,4,3,3,3,4,4
"1747",5,5,5,5,5,5,5
"1748",5,4,5,5,5,5,4
"1749",5,4,5,5,5,5,4
"1750",5,3,5,4,4,3,3
"1751",5,4,5,5,5,4,4
"1752",5,3,5,4,4,4,3
"1753",5,5,5,5,5,4,3
"1754",5,5,5,5,5,5,3
"1755",5,4,4,4,4,4,4
"1756",4,3,4,4,4,3,3
"1757",4,4,4,4,4,4,3
"1758",4,4,5,4,4,4,3
"1759",5,3,5,4,5,5,3
"1760",5,3,3,3,3,3,2
"1761",4,3,4,3,4,3,4
"1762",4,3,4,4,4,3,3
"1763",4,3,3,2,3,2,3
"1764",5,5,5,5,5,5,4
"1765",4,3,4,3,4,3,4
"1766",3,3,4,4,4,3,3
"1767",4,3,4,4,4,3,3
"1768",4,4,4,4,4,3,3
"1769",4,4,5,5,4,5,5
"1770",4,5,5,5,5,4,5
"1771",4,5,5,5,5,4,5
"1772",4,4,3,4,4,4,4
"1773",4,3,4,4,4,3,3
"1774",4,3,4,4,3,4,4
"1775",3,3,4,4,4,4,4
"1776",5,4,4,4,5,4,5
"1777",3,3,3,3,4,3,3
"1778",3,3,4,3,4,3,3
"1779",3,4,3,4,3,4,3
"1780",4,4,4,3,4,4,3
"1781",5,4,4,3,3,4,4
"1782",4,3,2,4,3,4,3
"1783",5,5,5,4,5,4,5
"1784",4,2,4,4,3,3,3
"1785",5,5,5,5,5,5,5
"1786",4,3,3,4,3,3,3
"1787",5,4,3,3,3,3,2
"1788",5,5,5,5,5,4,5
"1789",4,5,5,5,5,5,5
"1790",4,5,5,3,3,5,3
"1791",4,5,3,5,5,5,3
"1792",3,5,5,3,5,5,3
"1793",3,3,3,3,3,3,3
"1794",4,3,4,4,4,3,3
"1795",4,3,4,2,2,2,2
"1796",3,2,3,3,3,3,3
"1797",5,5,4,5,4,5,4
"1798",3,4,3,4,3,4,3
"1799",4,3,3,3,3,3,3
"1800",5,4,4,4,4,4,4
"1801",4,4,4,4,4,4,4
"1802",4,4,4,4,3,3,3
"1803",5,4,5,5,5,5,4
"1804",3,4,3,3,3,3,3
"1805",4,3,3,3,3,3,3
"1806",4,5,4,4,4,4,4
"1807",5,4,4,4,4,4,4
"1808",5,5,4,5,4,4,5
"1809",4,4,4,4,5,5,5
"1810",4,3,3,4,3,3,3
"1811",4,5,5,5,4,4,4
"1812",4,4,4,3,3,4,3
"1813",4,4,4,3,3,4,3
"1814",4,5,4,5,5,5,5
"1815",4,4,4,4,4,4,3
"1816",4,3,3,3,3,3,2
"1817",3,3,3,2,3,3,3
"1818",4,4,3,3,4,4,3
"1819",4,4,3,3,3,3,3
"1820",4,4,4,3,3,3,3
"1821",5,3,3,4,3,3,3
"1822",4,4,4,4,4,4,4
"1823",4,4,3,4,3,4,4
"1824",5,5,5,5,5,5,4
"1825",3,4,4,4,3,4,4
"1826",4,3,3,2,3,3,2
"1827",3,3,3,3,3,2,2
"1828",4,4,3,4,4,4,3
"1829",3,3,3,3,3,3,3
"1830",5,3,3,3,3,3,3
"1831",4,4,4,4,4,4,4
"1832",4,4,4,5,5,4,4
"1833",4,3,3,4,5,4,3
"1834",5,4,5,4,4,4,4
"1835",5,4,4,4,4,4,4
"1836",5,4,5,5,5,5,4
"1837",4,3,3,3,5,3,3
"1838",5,5,5,5,5,4,4
"1839",5,5,4,4,5,5,4
"1840",4,4,4,4,3,3,3
"1841",5,5,5,5,5,4,4
"1842",5,4,4,4,4,5,4
"1843",5,5,5,5,5,5,4
"1844",4,3,4,4,3,4,3
"1845",4,3,4,4,3,3,3
"1846",5,5,4,5,5,4,4
"1847",4,4,4,5,5,4,3
"1848",5,4,5,5,5,5,5
"1849",5,3,3,4,5,3,3
"1850",5,5,5,5,4,5,4
"1851",5,5,4,5,4,5,5
"1852",4,4,3,3,3,4,4
"1853",5,5,5,5,5,4,4
"1854",5,5,5,5,5,4,4
"1855",5,4,5,5,5,4,4
"1856",5,4,5,5,5,4,4
"1857",4,3,4,3,4,3,3
"1858",5,4,5,5,4,4,4
"1859",5,3,4,4,3,4,3
"1860",5,3,3,3,4,3,3
"1861",5,4,5,5,5,4,4
"1862",5,5,5,5,5,4,4
"1863",5,4,5,5,5,4,4
"1864",5,5,5,5,5,5,4
"1865",5,4,5,5,5,4,4
"1866",5,5,5,5,5,5,4
"1867",5,4,5,5,4,4,4
"1868",5,3,4,4,4,4,3
"1869",4,4,4,4,3,4,4
"1870",5,4,5,5,5,4,4
"1871",4,5,4,4,4,5,4
"1872",4,3,3,3,3,3,3
"1873",4,4,4,4,5,4,4
"1874",3,3,3,4,3,3,3
"1875",4,4,4,3,3,3,3
"1876",4,4,4,3,4,3,3
"1877",4,4,4,4,4,4,4
"1878",3,3,3,4,3,3,3
"1879",5,5,3,5,3,5,5
"1880",4,4,4,4,4,4,4
"1881",4,5,5,5,5,5,5
"1882",4,4,4,4,4,4,4
"1883",4,3,3,3,3,3,3
"1884",3,4,3,4,3,4,3
"1885",4,4,4,4,4,4,4
"1886",4,3,3,3,4,3,4
"1887",4,4,4,4,3,4,3
"1888",3,4,4,4,3,4,3
"1889",5,4,4,4,4,4,4
"1890",4,4,4,3,3,4,4
"1891",3,4,4,3,4,4,3
"1892",4,3,2,3,2,2,3
"1893",4,3,4,3,4,3,3
"1894",4,4,3,4,3,4,3
"1895",4,4,4,4,3,3,3
"1896",5,3,3,4,3,3,3
"1897",4,3,3,3,3,3,2
"1898",3,4,4,4,4,4,4
"1899",4,5,4,5,4,4,4
"1900",4,4,4,3,4,4,3
"1901",4,4,4,4,3,4,4
"1902",5,5,5,5,5,5,4
"1903",3,3,3,3,3,2,2
"1904",4,4,4,4,4,4,3
"1905",4,4,4,4,4,4,4
"1906",4,3,3,3,3,3,2
"1907",5,4,4,4,4,4,4
"1908",3,3,3,3,3,3,3
"1909",4,3,4,3,3,3,3
"1910",4,3,4,3,3,3,2
"1911",2,2,3,3,3,3,3
"1912",4,4,3,4,3,4,3
"1913",4,4,4,3,3,4,3
"1914",4,4,5,4,4,4,4
"1915",5,4,4,4,4,3,3
"1916",4,4,4,4,3,4,3
"1917",4,4,4,4,4,4,4
"1918",4,5,4,4,4,4,4
"1919",5,5,4,5,5,5,5
"1920",4,4,4,4,4,4,4
"1921",5,4,4,4,4,4,3
"1922",5,4,4,4,4,4,3
"1923",5,5,4,4,5,4,5
"1924",5,4,4,4,4,4,3
"1925",5,4,4,4,4,4,3
"1926",5,5,4,4,5,4,4
"1927",4,3,4,4,4,3,3
"1928",5,4,3,3,3,4,4
"1929",5,5,5,5,5,5,5
"1930",5,4,5,5,5,5,4
"1931",5,4,5,5,5,5,4
"1932",5,3,5,4,4,3,3
"1933",5,4,5,5,5,4,4
"1934",5,3,5,4,4,4,3
"1935",5,5,5,5,5,4,3
"1936",5,5,5,5,5,5,3
"1937",5,4,4,4,4,4,4
"1938",4,3,4,4,4,3,3
"1939",4,4,4,4,4,4,3
"1940",4,4,5,4,4,4,3
"1941",5,3,5,4,5,5,3
"1942",5,3,3,3,3,3,2
"1943",4,3,4,3,4,3,4
"1944",4,3,4,4,4,3,3
"1945",4,3,3,2,3,2,3
"1946",5,5,5,5,5,5,4
"1947",4,3,4,3,4,3,4
"1948",3,3,4,4,4,3,3
"1949",4,3,4,4,4,3,3
"1950",4,4,4,4,4,3,3
"1951",4,4,5,5,4,5,5
"1952",4,5,5,5,5,4,5
"1953",4,5,5,5,5,4,5
"1954",4,4,3,4,4,4,4
"1955",4,3,4,4,4,3,3
"1956",4,3,4,4,3,4,4
"1957",3,3,4,4,4,4,4
"1958",3,3,4,3,4,3,3
"1959",3,3,4,3,4,3,3
"1960",3,4,4,4,3,4,3
"1961",5,4,4,3,3,4,4
"1962",4,3,4,4,3,4,3
"1963",5,5,5,4,5,4,5
"1964",4,2,4,4,3,3,3
"1965",5,5,5,5,5,5,5
"1966",4,3,3,4,3,3,3
"1967",5,4,3,3,3,3,2
"1968",5,5,5,5,5,4,5
"1969",4,5,5,5,5,5,5
"1970",4,5,5,3,3,5,3
"1971",4,5,3,5,5,5,3
"1972",3,5,5,3,5,5,3
"1973",3,3,3,3,3,3,3
"1974",4,3,4,4,4,3,3
"1975",4,3,4,2,2,2,2
"1976",3,2,3,3,3,3,3
"1977",5,5,4,5,4,5,4
"1978",3,4,3,4,3,4,3
"1979",4,3,3,3,3,3,3
"1980",5,4,4,4,4,4,4
"1981",4,4,4,4,4,4,4
"1982",4,4,4,4,3,3,3
"1983",5,4,5,5,5,5,4
"1984",4,3,3,3,3,3,3
"1985",4,5,4,4,4,4,4
"1986",5,4,4,4,4,4,4
"1987",5,5,4,5,4,4,5
"1988",4,4,4,4,5,5,5
"1989",4,3,4,4,4,3,3
"1990",4,5,5,5,4,4,4
"1991",4,4,4,3,3,4,3
"1992",4,4,4,3,3,4,3
"1993",4,5,4,5,5,5,5
"1994",4,4,4,4,4,4,3
"1995",4,3,3,3,3,3,2
"1996",3,3,3,2,3,3,3
"1997",4,4,3,3,4,4,3
"1998",4,4,3,3,3,3,3
"1999",4,4,4,3,3,3,3
"2000",5,3,3,4,3,3,3
"2001",4,4,4,4,4,4,4
"2002",4,4,3,4,3,4,4
"2003",5,5,5,5,5,5,4
"2004",3,4,4,4,3,4,4
"2005",4,3,3,2,3,3,2
"2006",3,3,3,3,3,2,2
"2007",4,4,3,4,4,4,3
"2008",3,3,3,3,3,3,3
"2009",5,3,3,3,3,3,3
"2010",4,4,4,4,4,4,4
"2011",4,4,4,5,5,4,4
"2012",4,3,3,4,5,4,3
"2013",5,4,5,4,4,4,4
"2014",5,4,4,4,4,4,4
"2015",5,4,5,5,5,5,4
"2016",4,3,3,3,5,3,3
"2017",5,5,5,5,5,4,4
"2018",5,5,4,4,5,5,4
"2019",4,4,4,4,3,3,3
"2020",5,5,5,5,5,4,4
"2021",5,4,4,4,4,5,4
"2022",5,5,5,5,5,5,4
"2023",4,3,4,4,3,4,3
"2024",4,3,4,4,3,3,3
"2025",5,5,4,5,5,4,4
"2026",4,4,4,5,5,4,3
"2027",5,4,5,5,5,5,5
"2028",5,3,3,4,5,3,3
"2029",5,5,5,5,4,5,4
"2030",5,5,4,5,4,5,5
"2031",4,4,3,3,3,4,4
"2032",5,5,5,5,5,4,4
"2033",5,5,5,5,5,4,4
"2034",5,4,5,5,5,4,4
"2035",5,4,5,5,5,4,4
"2036",4,3,4,3,4,3,3
"2037",5,4,5,5,4,4,4
"2038",5,3,4,4,3,4,3
"2039",5,3,3,3,4,3,3
"2040",5,4,5,5,5,4,4
"2041",5,5,5,5,5,4,4
"2042",5,4,5,5,5,4,4
"2043",5,5,5,5,5,5,4
"2044",5,4,5,5,5,4,4
"2045",5,5,5,5,5,5,4
"2046",5,4,5,5,4,4,4
"2047",5,3,4,4,4,4,3
"2048",4,4,4,4,3,4,4
"2049",5,4,5,5,5,4,4
"2050",4,5,4,4,4,5,4
"2051",4,3,3,3,3,3,3
"2052",4,4,4,4,5,4,4
"2053",3,3,3,4,3,3,3
"2054",4,4,4,3,3,3,3
"2055",4,4,4,3,4,3,3
"2056",4,4,4,4,4,4,4
"2057",3,3,3,4,3,3,3
"2058",5,5,3,5,3,5,5
"2059",4,4,4,4,4,4,4
"2060",4,5,5,5,5,5,5
"2061",4,4,4,4,4,4,4
"2062",4,3,3,3,3,3,3
"2063",3,4,3,4,3,4,3
"2064",4,4,4,4,4,4,4
"2065",4,3,3,3,4,3,4
"2066",4,4,4,4,3,4,3
"2067",3,4,4,4,3,4,3
"2068",5,4,4,4,4,4,4
"2069",4,4,4,3,3,4,4
"2070",3,4,4,3,4,4,3
"2071",4,3,2,3,2,2,3
"2072",4,3,4,3,4,3,3
"2073",4,4,3,4,3,4,3
"2074",4,4,4,4,3,3,3
"2075",5,3,3,4,3,3,3
"2076",4,3,3,3,3,3,2
"2077",3,4,4,4,4,4,4
"2078",4,5,4,5,4,4,4
"2079",4,4,4,3,4,4,3
"2080",4,4,4,4,3,4,4
"2081",5,5,5,5,5,5,4
"2082",3,3,3,3,3,2,2
"2083",4,4,4,4,4,4,3
"2084",4,4,4,4,4,4,4
"2085",4,3,3,3,3,3,2
"2086",5,4,4,4,4,4,4
"2087",3,3,3,3,3,3,3
"2088",4,3,4,3,3,3,3
"2089",4,3,4,3,3,3,2
"2090",2,2,3,3,3,3,3
"2091",4,4,3,4,3,4,3
"2092",4,4,4,3,3,4,3
"2093",4,4,5,4,4,4,4
"2094",5,4,4,4,4,3,3
"2095",5,4,4,4,4,4,3
"2096",5,4,4,4,4,4,3
"2097",5,5,4,4,5,4,4
"2098",4,3,4,4,4,3,3
"2099",5,4,3,3,3,4,4
"2100",5,5,5,5,5,5,5
"2101",5,4,5,5,5,5,4
"2102",5,4,5,5,5,5,4
"2103",5,3,5,4,4,3,3
"2104",5,4,5,5,5,4,4
"2105",5,3,5,4,4,4,3
"2106",5,5,5,5,5,4,3
"2107",5,5,5,5,5,5,3
"2108",5,4,4,4,4,4,4
"2109",4,3,4,4,4,3,3
"2110",4,4,4,4,4,4,3
"2111",4,4,5,4,4,4,3
"2112",5,3,5,4,5,5,3
"2113",5,3,3,3,3,3,2
"2114",4,3,4,3,4,3,4
"2115",4,3,4,4,4,3,3
"2116",4,3,3,2,3,2,3
"2117",5,5,5,5,5,5,4
"2118",4,3,4,3,4,3,4
"2119",3,3,4,4,4,3,3
"2120",4,3,4,4,4,3,3
"2121",4,4,4,4,4,3,3
"2122",4,4,5,5,4,5,5
"2123",4,5,5,5,5,4,5
"2124",4,5,5,5,5,4,5
"2125",4,4,3,4,4,4,4
"2126",4,3,4,4,4,3,3
"2127",4,3,4,4,3,4,4
"2128",3,3,4,4,4,4,4
"2129",5,4,4,4,5,4,5
"2130",3,3,3,3,4,3,3
"2131",3,3,4,3,4,3,3
"2132",3,4,3,4,3,4,3
"2133",4,4,4,3,4,4,3
"2134",5,4,4,3,3,4,4
"2135",4,3,2,4,3,4,3
"2136",5,5,5,4,5,4,5
"2137",4,2,4,4,3,3,3
"2138",5,5,5,5,5,5,5
"2139",4,3,3,4,3,3,3
"2140",5,4,3,3,3,3,2
"2141",5,5,5,5,5,4,5
"2142",4,5,5,5,5,5,5
"2143",4,5,5,3,3,5,3
"2144",4,5,3,5,5,5,3
"2145",3,5,5,3,5,5,3
"2146",3,3,3,3,3,3,3
"2147",4,3,4,4,4,3,3
"2148",4,3,4,2,2,2,2
"2149",3,2,3,3,3,3,3
"2150",5,5,4,5,4,5,4
"2151",3,4,3,4,3,4,3
"2152",4,3,3,3,3,3,3
"2153",5,4,4,4,4,4,4
"2154",4,4,4,4,4,4,4
"2155",4,4,4,4,3,3,3
"2156",5,4,5,5,5,5,4
"2157",3,4,3,3,3,3,3
"2158",4,3,3,3,3,3,3
"2159",4,5,4,4,4,4,4
"2160",5,4,4,4,4,4,4
"2161",5,5,4,5,4,4,5
"2162",4,4,4,4,5,5,5
"2163",4,3,3,4,3,3,3
"2164",4,5,5,5,4,4,4
"2165",4,4,4,3,3,4,3
"2166",4,4,4,3,3,4,3
"2167",4,5,4,5,5,5,5
"2168",4,4,4,4,4,4,3
"2169",4,3,3,3,3,3,2
"2170",3,3,3,2,3,3,3
"2171",4,4,3,3,4,4,3
"2172",4,4,3,3,3,3,3
"2173",4,4,4,3,3,3,3
"2174",5,3,3,4,3,3,3
"2175",4,4,4,4,4,4,4
"2176",4,4,3,4,3,4,4
"2177",5,5,5,5,5,5,4
"2178",3,4,4,4,3,4,4
"2179",4,3,3,2,3,3,2
"2180",3,3,3,3,3,2,2
"2181",4,4,3,4,4,4,3
"2182",3,3,3,3,3,3,3
"2183",5,3,3,3,3,3,3
"2184",4,4,4,4,4,4,4
"2185",4,4,4,5,5,4,4
"2186",4,3,3,4,5,4,3
"2187",5,4,5,4,4,4,4
"2188",5,4,4,4,4,4,4
"2189",5,4,5,5,5,5,4
"2190",4,3,3,3,5,3,3
"2191",5,5,5,5,5,4,4
"2192",5,5,4,4,5,5,4
"2193",4,4,4,4,3,3,3
"2194",5,5,5,5,5,4,4
"2195",5,4,4,4,4,5,4
"2196",5,5,5,5,5,5,4
"2197",4,3,4,4,3,4,3
"2198",4,3,4,4,3,3,3
"2199",5,5,4,5,5,4,4
"2200",4,4,4,5,5,4,3
"2201",5,4,5,5,5,5,5
"2202",5,3,3,4,5,3,3
"2203",5,5,5,5,4,5,4
"2204",5,5,4,5,4,5,5
"2205",4,4,3,3,3,4,4
"2206",5,5,5,5,5,4,4
"2207",5,5,5,5,5,4,4
"2208",5,4,5,5,5,4,4
"2209",5,4,5,5,5,4,4
"2210",4,3,4,3,4,3,3
"2211",5,4,5,5,4,4,4
"2212",5,3,4,4,3,4,3
"2213",5,3,3,3,4,3,3
"2214",5,4,5,5,5,4,4
"2215",5,5,5,5,5,4,4
"2216",5,4,5,5,5,4,4
"2217",5,5,5,5,5,5,4
"2218",5,4,5,5,5,4,4
"2219",5,5,5,5,5,5,4
"2220",5,4,5,5,4,4,4
"2221",5,3,4,4,4,4,3
"2222",4,4,4,4,3,4,4
"2223",5,4,5,5,5,4,4
"2224",4,5,4,4,4,5,4
"2225",4,3,3,3,3,3,3
"2226",4,4,4,4,5,4,4
"2227",3,3,3,4,3,3,3
"2228",4,4,4,3,3,3,3
"2229",4,4,4,3,4,3,3
"2230",4,4,4,4,4,4,4
"2231",3,3,3,4,3,3,3
"2232",5,5,3,5,3,5,5
"2233",4,4,4,4,4,4,4
"2234",4,5,5,5,5,5,5
"2235",4,4,4,4,4,4,4
"2236",4,3,3,3,3,3,3
"2237",3,4,3,4,3,4,3
"2238",4,4,4,4,4,4,4
"2239",4,3,3,3,4,3,4
"2240",4,4,4,4,3,4,3
"2241",3,4,4,4,3,4,3
"2242",5,4,4,4,4,4,4
"2243",4,4,4,3,3,4,4
"2244",3,4,4,3,4,4,3
"2245",4,3,2,3,2,2,3
"2246",4,3,4,3,4,3,3
"2247",4,4,3,4,3,4,3
"2248",4,4,4,4,3,3,3
"2249",5,3,3,4,3,3,3
"2250",4,3,3,3,3,3,2
"2251",3,4,4,4,4,4,4
"2252",4,5,4,5,4,4,4
"2253",4,4,4,3,4,4,3
"2254",4,4,4,4,3,4,4
"2255",5,5,5,5,5,5,4
"2256",3,3,3,3,3,2,2
"2257",4,4,4,4,4,4,3
"2258",4,4,4,4,4,4,4
"2259",4,3,3,3,3,3,2
"2260",5,4,4,4,4,4,4
"2261",3,3,3,3,3,3,3
"2262",4,3,4,3,3,3,3
"2263",4,3,4,3,3,3,2
"2264",2,2,3,3,3,3,3
"2265",4,4,3,4,3,4,3
"2266",4,4,4,3,3,4,3
"2267",4,4,5,4,4,4,4
"2268",5,4,4,4,4,3,3
"2269",4,4,4,4,3,4,3
"2270",4,4,4,4,4,4,4
"2271",4,5,4,4,4,4,4
"2272",5,5,4,5,5,5,5
"2273",4,4,4,4,4,4,4
"2274",5,4,4,4,4,4,3
"2275",5,4,4,4,4,4,3
"2276",5,5,4,4,5,4,5
"2277",5,4,4,4,4,4,3
"2278",5,4,4,4,4,4,3
"2279",5,5,4,4,5,4,4
"2280",4,3,4,4,4,3,3
"2281",5,4,3,3,3,4,4
"2282",5,5,5,5,5,5,5
"2283",5,4,5,5,5,5,4
"2284",5,4,5,5,5,5,4
"2285",5,3,5,4,4,3,3
"2286",5,4,5,5,5,4,4
"2287",5,3,5,4,4,4,3
"2288",5,5,5,5,5,4,3
"2289",5,5,5,5,5,5,3
"2290",5,4,4,4,4,4,4
"2291",4,3,4,4,4,3,3
"2292",4,4,4,4,4,4,3
"2293",4,4,5,4,4,4,3
"2294",5,3,5,4,5,5,3
"2295",5,3,3,3,3,3,2
"2296",4,3,4,3,4,3,4
"2297",4,3,4,4,4,3,3
"2298",4,3,3,2,3,2,3
"2299",5,5,5,5,5,5,4
"2300",4,3,4,3,4,3,4
"2301",3,3,4,4,4,3,3
"2302",4,3,4,4,4,3,3
"2303",4,4,4,4,4,3,3
"2304",4,4,5,5,4,5,5
"2305",4,5,5,5,5,4,5
"2306",4,5,5,5,5,4,5
"2307",4,4,3,4,4,4,4
"2308",4,3,4,4,4,3,3
"2309",4,3,4,4,3,4,4
"2310",3,3,4,4,4,4,4
"2311",5,4,4,4,5,4,5
"2312",3,3,3,3,4,3,3
"2313",3,3,4,3,4,3,3
"2314",3,4,3,4,3,4,3
"2315",4,4,4,3,4,4,3
"2316",5,4,4,3,3,4,4
"2317",4,3,2,4,3,4,3
"2318",5,5,5,4,5,4,5
"2319",4,2,4,4,3,3,3
"2320",5,5,5,5,5,5,5
"2321",4,3,3,4,3,3,3
"2322",5,4,3,3,3,3,2
"2323",5,5,5,5,5,4,5
"2324",4,5,5,5,5,5,5
"2325",4,5,5,3,3,5,3
"2326",4,5,3,5,5,5,3
"2327",3,5,5,3,5,5,3
"2328",3,3,3,3,3,3,3
"2329",4,3,4,4,4,3,3
"2330",4,3,4,2,2,2,2
"2331",3,2,3,3,3,3,3
"2332",5,5,4,5,4,5,4
"2333",3,4,3,4,3,4,3
"2334",4,3,3,3,3,3,3
"2335",5,4,4,4,4,4,4
"2336",4,4,4,4,4,4,4
"2337",4,4,4,4,3,3,3
"2338",5,4,5,5,5,5,4
"2339",3,4,3,3,3,3,3
"2340",4,3,3,3,3,3,3
"2341",4,5,4,4,4,4,4
"2342",5,4,4,4,4,4,4
"2343",5,5,4,5,4,4,5
"2344",4,4,4,4,5,5,5
"2345",4,3,3,4,3,3,3
"2346",4,5,5,5,4,4,4
"2347",4,4,4,3,3,4,3
"2348",4,4,4,3,3,4,3
"2349",4,5,4,5,5,5,5
"2350",4,4,4,4,4,4,3
"2351",4,3,3,3,3,3,2
"2352",3,3,3,2,3,3,3
"2353",4,4,3,3,4,4,3
"2354",4,4,3,3,3,3,3
"2355",4,4,4,3,3,3,3
"2356",5,3,3,4,3,3,3
"2357",4,4,4,4,4,4,4
"2358",4,4,3,4,3,4,4
"2359",5,5,5,5,5,5,4
"2360",3,4,4,4,3,4,4
"2361",4,3,3,2,3,3,2
"2362",3,3,3,3,3,2,2
"2363",4,4,3,4,4,4,3
"2364",3,3,3,3,3,3,3
"2365",5,3,3,3,3,3,3
"2366",4,4,4,4,4,4,4
"2367",4,4,4,5,5,4,4
"2368",4,3,3,4,5,4,3
"2369",5,4,5,4,4,4,4
"2370",5,4,4,4,4,4,4
"2371",5,4,5,5,5,5,4
"2372",4,3,3,3,5,3,3
"2373",5,5,5,5,5,4,4
"2374",5,5,4,4,5,5,4
"2375",4,4,4,4,3,3,3
"2376",5,5,5,5,5,4,4
"2377",5,4,4,4,4,5,4
"2378",5,5,5,5,5,5,4
"2379",4,3,4,4,3,4,3
"2380",4,3,4,4,3,3,3
"2381",5,5,4,5,5,4,4
"2382",4,4,4,5,5,4,3
"2383",5,4,5,5,5,5,5
"2384",5,3,3,4,5,3,3
"2385",5,5,5,5,4,5,4
"2386",5,5,4,5,4,5,5
"2387",4,4,3,3,3,4,4
"2388",5,5,5,5,5,4,4
"2389",5,5,5,5,5,4,4
"2390",5,4,5,5,5,4,4
"2391",5,4,5,5,5,4,4
"2392",4,3,4,3,4,3,3
"2393",5,4,5,5,4,4,4
"2394",5,3,4,4,3,4,3
"2395",5,3,3,3,4,3,3
"2396",5,4,5,5,5,4,4
"2397",5,5,5,5,5,4,4
"2398",5,4,5,5,5,4,4
"2399",5,5,5,5,5,5,4
"2400",5,4,5,5,5,4,4
"2401",5,5,5,5,5,5,4
"2402",5,4,5,5,4,4,4
"2403",5,3,4,4,4,4,3
"2404",4,4,4,4,3,4,4
"2405",5,4,5,5,5,4,4
"2406",4,5,4,4,4,5,4
"2407",4,3,3,3,3,3,3
"2408",4,4,4,4,5,4,4
"2409",3,3,3,4,3,3,3
"2410",4,4,4,3,3,3,3
"2411",4,4,4,3,4,3,3
"2412",4,4,4,4,4,4,4
"2413",3,3,3,4,3,3,3
"2414",5,5,3,5,3,5,5
"2415",4,4,4,4,4,4,4
"2416",4,5,5,5,5,5,5
"2417",4,4,4,4,4,4,4
"2418",4,3,3,3,3,3,3
"2419",3,4,3,4,3,4,3
"2420",4,4,4,4,4,4,4
"2421",4,3,3,3,4,3,4
"2422",4,4,4,4,3,4,3
"2423",3,4,4,4,3,4,3
"2424",5,4,4,4,4,4,4
"2425",4,4,4,3,3,4,4
"2426",3,4,4,3,4,4,3
"2427",4,3,2,3,2,2,3
"2428",4,3,4,3,4,3,3
"2429",4,4,3,4,3,4,3
"2430",4,4,4,4,3,3,3
"2431",5,3,3,4,3,3,3
"2432",4,3,3,3,3,3,2
"2433",3,4,4,4,4,4,4
"2434",4,5,4,5,4,4,4
"2435",4,4,4,3,4,4,3
"2436",4,4,4,4,3,4,4
"2437",5,5,5,5,5,5,4
"2438",3,3,3,3,3,2,2
"2439",4,4,4,4,4,4,3
"2440",4,4,4,4,4,4,4
"2441",4,3,3,3,3,3,2
"2442",5,4,4,4,4,4,4
"2443",3,3,3,3,3,3,3
"2444",4,3,4,3,3,3,3
"2445",4,3,4,3,3,3,2
"2446",2,2,3,3,3,3,3
"2447",4,4,3,4,3,4,3
"2448",4,4,4,3,3,4,3
"2449",4,4,5,4,4,4,4
"2450",5,4,4,4,4,3,3
"2451",4,4,4,4,3,4,3
"2452",4,4,4,4,4,4,4
"2453",4,5,4,4,4,4,4
"2454",5,5,4,5,5,5,5
"2455",4,4,4,4,4,4,4
"2456",5,4,4,4,4,4,3
"2457",5,4,4,4,4,4,3
"2458",5,5,4,4,5,4,5
"2459",5,4,4,4,4,4,3
"2460",5,4,4,4,4,4,3
"2461",5,5,4,4,5,4,4
"2462",4,3,4,4,4,3,3
"2463",5,4,3,3,3,4,4
"2464",5,5,5,5,5,5,5
"2465",5,4,5,5,5,5,4
"2466",5,4,5,5,5,5,4
"2467",5,3,5,4,4,3,3
"2468",5,4,5,5,5,4,4
"2469",5,3,5,4,4,4,3
"2470",5,5,5,5,5,4,3
"2471",5,5,5,5,5,5,3
"2472",5,4,4,4,4,4,4
"2473",4,3,4,4,4,3,3
"2474",4,4,4,4,4,4,3
"2475",4,4,5,4,4,4,3
"2476",5,3,5,4,5,5,3
"2477",5,3,3,3,3,3,2
"2478",4,3,4,3,4,3,4
"2479",4,3,4,4,4,3,3
"2480",4,3,3,2,3,2,3
"2481",5,5,5,5,5,5,4
"2482",4,3,4,3,4,3,4
"2483",3,3,4,4,4,3,3
"2484",4,3,4,4,4,3,3
"2485",4,4,4,4,4,3,3
"2486",4,4,5,5,4,5,5
"2487",4,5,5,5,5,4,5
"2488",4,5,5,5,5,4,5
"2489",4,4,3,4,4,4,4
"2490",4,3,4,4,4,3,3
"2491",4,3,4,4,3,4,4
"2492",3,3,4,4,4,4,4
"2493",5,4,4,4,5,4,5
"2494",3,3,3,3,4,3,3
"2495",3,3,4,3,4,3,3
"2496",3,4,3,4,3,4,3
"2497",4,4,4,3,4,4,3
"2498",5,4,4,3,3,4,4
"2499",4,3,2,4,3,4,3
"2500",5,5,5,4,5,4,5
"2501",4,2,4,4,3,3,3
"2502",5,5,5,5,5,5,5
"2503",4,3,3,4,3,3,3
"2504",5,4,3,3,3,3,2
"2505",5,5,5,5,5,4,5
"2506",4,5,5,5,5,5,5
"2507",4,5,5,3,3,5,3
"2508",4,5,3,5,5,5,3
"2509",3,5,5,3,5,5,3
"2510",3,3,3,3,3,3,3
"2511",4,3,4,4,4,3,3
"2512",4,3,4,2,2,2,2
"2513",3,2,3,3,3,3,3
"2514",5,5,4,5,4,5,4
"2515",3,4,3,4,3,4,3
"2516",4,3,3,3,3,3,3
"2517",5,4,4,4,4,4,4
"2518",4,4,4,4,4,4,4
"2519",4,4,4,4,3,3,3
"2520",5,4,5,5,5,5,4
"2521",3,4,3,3,3,3,3
"2522",4,3,3,3,3,3,3
"2523",4,5,4,4,4,4,4
"2524",5,4,4,4,4,4,4
"2525",5,5,4,5,4,4,5
"2526",4,4,4,4,5,5,5
"2527",4,3,3,4,3,3,3
"2528",4,5,5,5,4,4,4
"2529",4,4,4,3,3,4,3
"2530",4,4,4,3,3,4,3
"2531",4,5,4,5,5,5,5
"2532",4,4,4,4,4,4,3
"2533",4,3,3,3,3,3,2
"2534",3,3,3,2,3,3,3
"2535",4,4,3,3,4,4,3
"2536",4,4,3,3,3,3,3
"2537",4,4,4,3,3,3,3
"2538",5,3,3,4,3,3,3
"2539",4,4,4,4,4,4,4
"2540",4,4,3,4,3,4,4
"2541",5,5,5,5,5,5,4
"2542",3,4,4,4,3,4,4
"2543",4,3,3,2,3,3,2
"2544",3,3,3,3,3,2,2
"2545",4,4,3,4,4,4,3
"2546",3,3,3,3,3,3,3
"2547",5,3,3,3,3,3,3
"2548",4,4,4,4,4,4,4
"2549",4,4,4,5,5,4,4
"2550",4,3,3,4,5,4,3
"2551",5,4,5,4,4,4,4
"2552",5,4,4,4,4,4,4
"2553",5,4,5,5,5,5,4
"2554",4,3,3,3,5,3,3
"2555",5,5,5,5,5,4,4
"2556",5,5,4,4,5,5,4
"2557",4,4,4,4,3,3,3
"2558",5,5,5,5,5,4,4
"2559",5,4,4,4,4,5,4
"2560",5,5,5,5,5,5,4
"2561",4,3,4,4,3,4,3
"2562",4,3,4,4,3,3,3
"2563",5,5,4,5,5,4,4
"2564",4,4,4,5,5,4,3
"2565",5,4,5,5,5,5,5
"2566",5,3,3,4,5,3,3
"2567",5,5,5,5,4,5,4
"2568",5,5,4,5,4,5,5
"2569",4,4,3,3,3,4,4
"2570",5,5,5,5,5,4,4
"2571",5,5,5,5,5,4,4
"2572",5,4,5,5,5,4,4
"2573",5,4,5,5,5,4,4
"2574",4,3,4,3,4,3,3
"2575",5,4,5,5,4,4,4
"2576",5,3,4,4,3,4,3
"2577",5,3,3,3,4,3,3
"2578",5,4,5,5,5,4,4
"2579",5,5,5,5,5,4,4
"2580",5,4,5,5,5,4,4
"2581",5,5,5,5,5,5,4
"2582",5,4,5,5,5,4,4
"2583",5,5,5,5,5,5,4
"2584",5,4,5,5,4,4,4
"2585",5,3,4,4,4,4,3
"2586",4,4,4,4,3,4,4
"2587",5,4,5,5,5,4,4
"2588",4,5,4,4,4,5,4
"2589",4,3,3,3,3,3,3
"2590",4,4,4,4,5,4,4
"2591",3,3,3,4,3,3,3
"2592",4,4,4,3,3,3,3
"2593",4,4,4,3,4,3,3
"2594",4,4,4,4,4,4,4
"2595",3,3,3,4,3,3,3
"2596",5,5,3,5,3,5,5
"2597",4,4,4,4,4,4,4
"2598",4,5,5,5,5,5,5
"2599",4,4,4,4,4,4,4
"2600",4,3,3,3,3,3,3
"2601",3,4,3,4,3,4,3
"2602",4,4,4,4,4,4,4
"2603",4,3,3,3,4,3,4
"2604",4,4,4,4,3,4,3
"2605",3,4,4,4,3,4,3
"2606",5,4,4,4,4,4,4
"2607",4,4,4,3,3,4,4
"2608",3,4,4,3,4,4,3
"2609",4,3,2,3,2,2,3
"2610",4,3,4,3,4,3,3
"2611",4,4,3,4,3,4,3
"2612",4,4,4,4,3,3,3
"2613",5,3,3,4,3,3,3
"2614",4,3,3,3,3,3,2
"2615",3,4,4,4,4,4,4
"2616",4,5,4,5,4,4,4
"2617",4,4,4,3,4,4,3
"2618",4,4,4,4,3,4,4
"2619",5,5,5,5,5,5,4
"2620",3,3,3,3,3,2,2
"2621",4,4,4,4,4,4,3
"2622",4,4,4,4,4,4,4
"2623",4,3,3,3,3,3,2
"2624",5,4,4,4,4,4,4
"2625",3,3,3,3,3,3,3
"2626",4,3,4,3,3,3,3
"2627",4,3,4,3,3,3,2
"2628",2,2,3,3,3,3,3
"2629",4,4,3,4,3,4,3
"2630",4,4,4,3,3,4,3
"2631",4,4,5,4,4,4,4
"2632",5,4,4,4,4,3,3
"2633",4,4,4,4,3,4,3
"2634",4,4,4,4,4,4,4
"2635",4,5,4,4,4,4,4
"2636",5,5,4,5,5,5,5
"2637",4,4,4,4,4,4,4
"2638",5,4,4,4,4,4,3
"2639",5,4,4,4,4,4,3
"2640",5,5,4,4,5,4,5
"2641",5,4,4,4,4,4,3
"2642",5,4,4,4,4,4,3
"2643",5,5,4,4,5,4,4
"2644",4,3,4,4,4,3,3
"2645",5,4,3,3,3,4,4
"2646",5,5,5,5,5,5,5
"2647",5,4,5,5,5,5,4
"2648",5,4,5,5,5,5,4
"2649",5,3,5,4,4,3,3
"2650",5,4,5,5,5,4,4
"2651",5,3,5,4,4,4,3
"2652",5,5,5,5,5,4,3
"2653",5,5,5,5,5,5,3
"2654",5,4,4,4,4,4,4
"2655",4,3,4,4,4,3,3
"2656",4,4,4,4,4,4,3
"2657",4,4,5,4,4,4,3
"2658",5,3,5,4,5,5,3
"2659",5,3,3,3,3,3,2
"2660",4,3,4,3,4,3,4
"2661",4,3,4,4,4,3,3
"2662",4,3,3,2,3,2,3
"2663",5,5,5,5,5,5,4
"2664",4,3,4,3,4,3,4
"2665",3,3,4,4,4,3,3
"2666",4,3,4,4,4,3,3
"2667",4,4,4,4,4,3,3
"2668",4,4,5,5,4,5,5
"2669",4,5,5,5,5,4,5
"2670",4,5,5,5,5,4,5
"2671",4,4,3,4,4,4,4
"2672",4,3,4,4,4,3,3
"2673",4,3,4,4,3,4,4
"2674",3,3,4,4,4,4,4
"2675",5,4,4,4,5,4,5
"2676",3,3,3,3,4,3,3
"2677",3,3,4,3,4,3,3
"2678",3,4,3,4,3,4,3
"2679",4,4,4,3,4,4,3
"2680",5,4,4,3,3,4,4
"2681",4,3,2,4,3,4,3
"2682",5,5,5,4,5,4,5
"2683",4,2,4,4,3,3,3
"2684",5,5,5,5,5,5,5
"2685",4,3,3,4,3,3,3
"2686",5,4,3,3,3,3,2
"2687",5,5,5,5,5,4,5
"2688",4,5,5,5,5,5,5
"2689",4,5,5,3,3,5,3
"2690",4,5,3,5,5,5,3
"2691",3,5,5,3,5,5,3
"2692",3,3,3,3,3,3,3
"2693",4,3,4,4,4,3,3
"2694",4,3,4,2,2,2,2
"2695",3,2,3,3,3,3,3
"2696",5,5,4,5,4,5,4
"2697",3,4,3,4,3,4,3
"2698",4,3,3,3,3,3,3
"2699",5,4,4,4,4,4,4
"2700",4,4,4,4,4,4,4
"2701",4,4,4,4,3,3,3
"2702",5,4,5,5,5,5,4
"2703",3,4,3,3,3,3,3
"2704",4,3,3,3,3,3,3
"2705",4,5,4,4,4,4,4
"2706",5,4,4,4,4,4,4
"2707",5,5,4,5,4,4,5
"2708",4,4,4,4,5,5,5
"2709",4,3,3,4,3,3,3
"2710",4,5,5,5,4,4,4
"2711",4,4,4,3,3,4,3
"2712",4,4,4,3,3,4,3
"2713",4,5,4,5,5,5,5
"2714",4,4,4,4,4,4,3
"2715",4,3,3,3,3,3,2
"2716",3,3,3,2,3,3,3
"2717",4,4,3,3,4,4,3
"2718",4,4,3,3,3,3,3
"2719",4,4,4,3,3,3,3
"2720",5,3,3,4,3,3,3
"2721",4,4,4,4,4,4,4
"2722",4,4,3,4,3,4,4
"2723",5,5,5,5,5,5,4
"2724",3,4,4,4,3,4,4
"2725",4,3,3,2,3,3,2
"2726",3,3,3,3,3,2,2
"2727",4,4,3,4,4,4,3
"2728",3,3,3,3,3,3,3
"2729",5,3,3,3,3,3,3
"2730",4,4,4,4,4,4,4
"2731",4,4,4,5,5,4,4
"2732",4,3,3,4,5,4,3
"2733",5,4,5,4,4,4,4
"2734",5,4,4,4,4,4,4
"2735",5,4,5,5,5,5,4
"2736",4,3,3,3,5,3,3
"2737",5,5,5,5,5,4,4
"2738",5,5,4,4,5,5,4
"2739",4,4,4,4,3,3,3
"2740",5,5,5,5,5,4,4
"2741",5,4,4,4,4,5,4
"2742",5,5,5,5,5,5,4
"2743",4,3,4,4,3,4,3
"2744",4,3,4,4,3,3,3
"2745",5,5,4,5,5,4,4
"2746",4,4,4,5,5,4,3
"2747",5,4,5,5,5,5,5
"2748",5,3,3,4,5,3,3
"2749",5,5,5,5,4,5,4
"2750",5,5,4,5,4,5,5
"2751",4,4,3,3,3,4,4
"2752",5,5,5,5,5,4,4
"2753",5,5,5,5,5,4,4
"2754",5,4,5,5,5,4,4
"2755",5,4,5,5,5,4,4
"2756",4,3,4,3,4,3,3
"2757",5,4,5,5,4,4,4
"2758",5,3,4,4,3,4,3
"2759",5,3,3,3,4,3,3
"2760",5,4,5,5,5,4,4
"2761",5,5,5,5,5,4,4
"2762",5,4,5,5,5,4,4
"2763",5,5,5,5,5,5,4
"2764",5,4,5,5,5,4,4
"2765",5,5,5,5,5,5,4
"2766",5,4,5,5,4,4,4
"2767",5,3,4,4,4,4,3
"2768",4,4,4,4,3,4,4
"2769",5,4,5,5,5,4,4
"2770",4,5,4,4,4,5,4
"2771",4,3,3,3,3,3,3
"2772",4,4,4,4,5,4,4
"2773",3,3,3,4,3,3,3
"2774",4,4,4,3,3,3,3
"2775",4,4,4,3,4,3,3
"2776",4,4,4,4,4,4,4
"2777",3,3,3,4,3,3,3
"2778",5,5,3,5,3,5,5
"2779",4,4,4,4,4,4,4
"2780",4,5,5,5,5,5,5
"2781",4,4,4,4,4,4,4
"2782",4,3,3,3,3,3,3
"2783",3,4,3,4,3,4,3
"2784",4,4,4,4,4,4,4
"2785",4,3,3,3,4,3,4
"2786",4,4,4,4,3,4,3
"2787",3,4,4,4,3,4,3
"2788",5,4,4,4,4,4,4
"2789",4,4,4,3,3,4,4
"2790",3,4,4,3,4,4,3
"2791",4,3,2,3,2,2,3
"2792",4,3,4,3,4,3,3
"2793",4,4,3,4,3,4,3
"2794",4,4,4,4,3,3,3
"2795",5,3,3,4,3,3,3
"2796",4,3,3,3,3,3,2
"2797",3,4,4,4,4,4,4
"2798",4,5,4,5,4,4,4
"2799",4,4,4,3,4,4,3
"2800",4,4,4,4,3,4,4
"2801",5,5,5,5,5,5,4
"2802",3,3,3,3,3,2,2
"2803",4,4,4,4,4,4,3
"2804",4,4,4,4,4,4,4
"2805",4,3,3,3,3,3,2
"2806",5,4,4,4,4,4,4
"2807",3,3,3,3,3,3,3
"2808",4,3,4,3,3,3,3
"2809",4,3,4,3,3,3,2
"2810",2,2,3,3,3,3,3
"2811",4,4,3,4,3,4,3
"2812",4,4,4,3,3,4,3
"2813",4,4,5,4,4,4,4
"2814",5,4,4,4,4,3,3
"2815",4,4,4,4,3,4,3
"2816",4,4,4,4,4,4,4
"2817",4,5,4,4,4,4,4
"2818",5,5,4,5,5,5,5
"2819",4,4,4,4,4,4,4
"2820",5,4,4,4,4,4,3
"2821",5,4,4,4,4,4,3
"2822",5,5,4,4,5,4,5
"2823",5,4,4,4,4,4,3
"2824",5,4,4,4,4,4,3
"2825",5,5,4,4,5,4,4
"2826",4,3,4,4,4,3,3
"2827",5,4,3,3,3,4,4
"2828",5,5,5,5,5,5,5
"2829",5,4,5,5,5,5,4
"2830",5,4,5,5,5,5,4
"2831",5,3,5,4,4,3,3
"2832",5,4,5,5,5,4,4
"2833",5,3,5,4,4,4,3
"2834",5,5,5,5,5,4,3
"2835",5,5,5,5,5,5,3
"2836",5,4,4,4,4,4,4
"2837",4,3,4,4,4,3,3
"2838",4,4,4,4,4,4,3
"2839",4,4,5,4,4,4,3
"2840",5,3,5,4,5,5,3
"2841",5,3,3,3,3,3,2
"2842",4,3,4,3,4,3,4
"2843",4,3,4,4,4,3,3
"2844",4,3,3,2,3,2,3
"2845",5,5,5,5,5,5,4
"2846",4,3,4,3,4,3,4
"2847",3,3,4,4,4,3,3
"2848",4,3,4,4,4,3,3
"2849",4,4,4,4,4,3,3
"2850",4,4,5,5,4,5,5
"2851",4,5,5,5,5,4,5
"2852",4,5,5,5,5,4,5
"2853",4,4,3,4,4,4,4
"2854",4,3,4,4,4,3,3
"2855",4,3,4,4,3,4,4
"2856",3,3,4,4,4,4,4
"2857",5,4,4,4,5,4,5
"2858",3,3,3,3,4,3,3
"2859",3,3,4,3,4,3,3
"2860",3,4,3,4,3,4,3
"2861",4,4,4,3,4,4,3
"2862",5,4,4,3,3,4,4
"2863",4,3,2,4,3,4,3
"2864",5,5,5,4,5,4,5
"2865",4,2,4,4,3,3,3
"2866",5,5,5,5,5,5,5
"2867",4,3,3,4,3,3,3
"2868",5,4,3,3,3,3,2
"2869",5,5,5,5,5,4,5
"2870",4,5,5,5,5,5,5
"2871",4,5,5,3,3,5,3
"2872",4,5,3,5,5,5,3
"2873",3,5,5,3,5,5,3
"2874",3,3,3,3,3,3,3
"2875",4,3,4,4,4,3,3
"2876",4,3,4,2,2,2,2
"2877",3,2,3,3,3,3,3
"2878",5,5,4,5,4,5,4
"2879",3,4,3,4,3,4,3
"2880",4,3,3,3,3,3,3
"2881",5,4,4,4,4,4,4
"2882",4,4,4,4,4,4,4
"2883",4,4,4,4,3,3,3
"2884",5,4,4,5,5,5,4
"2885",3,4,3,3,3,3,3
"2886",4,3,3,3,3,3,3
"2887",4,5,4,4,4,4,4
"2888",5,4,4,4,4,4,4
"2889",5,5,4,5,4,4,5
"2890",4,4,4,4,5,5,5
"2891",4,3,3,4,3,4,3
"2892",4,5,5,5,4,4,4
"2893",4,4,4,3,3,4,3
"2894",4,4,4,3,3,4,3
"2895",4,5,4,5,5,5,5
"2896",4,4,4,4,4,4,3
"2897",4,3,3,3,3,3,2
"2898",3,3,3,2,3,3,3
"2899",4,4,3,3,4,4,3
"2900",4,4,3,3,3,3,3
"2901",4,4,4,3,3,3,3
"2902",5,3,3,4,3,3,3
"2903",4,4,4,4,4,4,4
"2904",4,4,3,4,3,4,4
"2905",5,5,5,5,5,5,4
"2906",3,4,4,4,3,4,4
"2907",4,3,3,2,3,3,2
"2908",3,3,3,3,3,2,2
"2909",4,4,3,4,4,4,3
"2910",3,3,3,3,3,3,3
"2911",5,3,3,3,3,3,3
"2912",4,4,4,4,4,4,4
"2913",4,4,4,5,5,4,4
"2914",4,3,3,4,5,4,3
"2915",5,4,5,4,4,4,4
"2916",5,4,4,4,4,4,4
"2917",5,4,5,5,5,5,4
"2918",4,3,3,3,5,3,3
"2919",5,5,5,5,5,4,4
"2920",5,5,4,4,5,5,4
"2921",4,4,4,4,3,3,3
"2922",5,5,5,5,5,4,4
"2923",5,4,4,4,4,5,4
"2924",5,5,5,5,5,5,4
"2925",4,3,4,4,3,4,3
"2926",4,3,4,4,3,3,3
"2927",5,5,4,5,5,4,4
"2928",4,4,4,5,5,4,3
"2929",5,4,5,5,5,5,5
"2930",5,3,3,4,5,3,3
"2931",5,5,5,5,4,5,4
"2932",5,5,4,5,4,5,5
"2933",4,4,3,3,3,4,4
"2934",5,5,5,5,5,4,4
"2935",5,5,5,5,5,4,4
"2936",5,4,5,5,5,4,4
"2937",5,4,5,5,5,4,4
"2938",4,3,4,3,4,4,3
"2939",5,4,5,5,4,4,4
"2940",5,3,4,4,3,4,3
"2941",5,3,3,3,4,3,3
"2942",5,4,5,5,5,4,4
"2943",5,5,5,5,5,4,4
"2944",5,4,5,5,5,4,4
"2945",5,5,5,5,5,5,4
"2946",5,4,5,5,5,4,4
"2947",5,5,5,5,5,5,4
"2948",5,4,5,5,4,4,4
"2949",5,4,4,4,4,4,3
"2950",4,4,4,4,3,4,4
"2951",5,4,5,5,5,4,4
"2952",4,5,4,4,4,5,4
"2953",4,3,3,3,3,3,3
"2954",4,4,4,4,5,4,4
"2955",3,3,3,4,3,3,3
"2956",4,4,4,3,3,3,3
"2957",4,4,4,3,4,3,3
"2958",4,4,4,4,4,4,4
"2959",3,3,3,4,3,3,3
"2960",5,5,3,5,3,5,5
"2961",4,4,4,4,4,4,4
"2962",4,5,5,5,5,5,5
"2963",4,4,4,4,4,4,4
"2964",4,3,3,3,3,3,3
"2965",3,4,3,4,3,4,3
"2966",4,4,4,4,4,4,4
"2967",4,3,3,3,4,3,4
"2968",4,4,4,4,3,4,3
"2969",3,4,4,4,3,4,3
"2970",5,4,4,4,4,4,4
"2971",4,4,4,3,3,4,4
"2972",3,4,4,3,4,4,3
"2973",4,3,2,3,2,2,3
"2974",4,3,4,3,4,3,3
"2975",4,4,3,4,3,4,3
"2976",4,4,4,4,3,3,3
"2977",5,3,3,4,3,3,3
"2978",4,3,3,3,3,3,2
"2979",3,4,4,4,4,4,4
"2980",4,5,4,5,4,4,4
"2981",4,4,4,3,4,4,3
"2982",4,4,4,4,3,4,4
